AIN58XS IS EASY,AIN58XS IS EASY,AIN58XS IS EASY,AIN58XS IS EASY
Day,Week,Mass,Date
AIN58XS IS EASY,AIN58XS IS EASY,AIN58XS IS EASY,AIN58XS IS EASY
,,,
0,1,5.356,01/01/2025
AIN58XS IS EASY,AIN58XS IS EASY,AIN58XS IS EASY,AIN58XS IS EASY
,,,
AIN58XS IS EASY,AIN58XS IS EASY,AIN58XS IS EASY,AIN58XS IS EASY
1,1,5.398,02/01/2025
2,1,-6,03/01/2025
3,1,5.489,04/01/2025
4,1,-6,05/01/2025
5,1,5.585,06/01/2025
6,1,,07/01/2025
7,2,5.682,08/01/2025
8,2,5.731,09/01/2025
9,2,,10/01/2025
10,2,5.831,11/01/2025
11,2,5.883,12/01/2025
12,2,5.936,13/01/2025
13,2,5.991,14/01/2025
14,3,6.047,15/01/2025
15,3,6.104,16/01/2025
16,3,6.162,17/01/2025
17,3,6.221,18/01/2025
18,3,6.279,19/01/2025
19,3,6.338,20/01/2025
20,3,6.397,21/01/2025
21,4,6.456,22/01/2025
22,4,6.514,23/01/2025
23,4,6.572,24/01/2025
24,4,6.63,25/01/2025
25,4,6.687,26/01/2025
26,4,6.745,27/01/2025
27,4,6.801,28/01/2025
28,5,6.857,29/01/2025
29,5,6.912,30/01/2025
30,5,6.967,31/01/2025
31,5,7.022,01/02/2025
32,5,7.075,02/02/2025
33,5,7.129,03/02/2025
34,5,7.181,04/02/2025
35,6,7.233,05/02/2025
36,6,7.285,06/02/2025
37,6,7.336,07/02/2025
38,6,7.386,08/02/2025
39,6,7.436,09/02/2025
40,6,7.486,10/02/2025
41,6,7.534,11/02/2025
42,7,7.583,12/02/2025
43,7,7.631,13/02/2025
44,7,7.678,14/02/2025
45,7,7.725,15/02/2025
46,7,7.771,16/02/2025
47,7,7.817,17/02/2025
48,7,7.863,18/02/2025
49,8,7.908,19/02/2025
50,8,7.952,20/02/2025
51,8,7.996,21/02/2025
52,8,8.04,22/02/2025
53,8,8.084,23/02/2025
54,8,8.127,24/02/2025
55,8,8.169,25/02/2025
56,9,8.211,26/02/2025
57,9,8.253,27/02/2025
58,9,8.294,28/02/2025
59,9,8.335,01/03/2025
60,9,8.376,02/03/2025
61,9,8.416,03/03/2025
62,9,8.457,04/03/2025
63,10,8.496,05/03/2025
64,10,8.536,06/03/2025
65,10,8.575,07/03/2025
66,10,8.614,08/03/2025
67,10,8.652,09/03/2025
68,10,8.69,10/03/2025
69,10,8.728,11/03/2025
70,11,8.766,12/03/2025
71,11,8.804,13/03/2025
72,11,8.841,14/03/2025
73,11,8.878,15/03/2025
74,11,8.914,16/03/2025
75,11,8.951,17/03/2025
76,11,8.987,18/03/2025
77,12,9.022,19/03/2025
78,12,9.058,20/03/2025
79,12,9.093,21/03/2025
80,12,9.128,22/03/2025
81,12,9.163,23/03/2025
82,12,9.198,24/03/2025
83,12,9.232,25/03/2025
84,13,9.266,26/03/2025
85,13,9.3,27/03/2025
86,13,9.334,28/03/2025
87,13,9.367,29/03/2025
88,13,9.401,30/03/2025
89,13,9.433,31/03/2025
90,13,9.466,01/04/2025
91,14,9.499,02/04/2025
92,14,9.531,03/04/2025
93,14,9.563,04/04/2025
94,14,9.596,05/04/2025
95,14,9.627,06/04/2025
96,14,9.659,07/04/2025
97,14,9.69,08/04/2025
98,15,9.722,09/04/2025
99,15,9.753,10/04/2025
100,15,9.784,11/04/2025
101,15,9.814,12/04/2025
102,15,9.845,13/04/2025
103,15,9.875,14/04/2025
104,15,9.905,15/04/2025
105,16,9.935,16/04/2025
106,16,9.965,17/04/2025
107,16,9.994,18/04/2025
108,16,10.024,19/04/2025
109,16,10.053,20/04/2025
110,16,10.082,21/04/2025
111,16,10.111,22/04/2025
112,17,10.139,23/04/2025
113,17,10.168,24/04/2025
114,17,10.197,25/04/2025
115,17,10.225,26/04/2025
116,17,10.253,27/04/2025
117,17,10.281,28/04/2025
118,17,10.309,29/04/2025
119,18,10.336,30/04/2025
120,18,10.364,01/05/2025
121,18,10.391,02/05/2025
122,18,10.418,03/05/2025
123,18,10.445,04/05/2025
124,18,10.472,05/05/2025
125,18,10.498,06/05/2025
126,19,10.525,07/05/2025
127,19,10.551,08/05/2025
128,19,10.577,09/05/2025
129,19,10.603,10/05/2025
130,19,10.629,11/05/2025
131,19,10.655,12/05/2025
132,19,10.681,13/05/2025
133,20,10.706,14/05/2025
134,20,10.731,15/05/2025
135,20,10.756,16/05/2025
136,20,10.781,17/05/2025
137,20,10.806,18/05/2025
138,20,10.831,19/05/2025
139,20,10.856,20/05/2025
140,21,10.88,21/05/2025
141,21,10.905,22/05/2025
142,21,10.929,23/05/2025
143,21,10.953,24/05/2025
144,21,10.976,25/05/2025
145,21,11.001,26/05/2025
146,21,11.024,27/05/2025
147,22,11.048,28/05/2025
148,22,11.071,29/05/2025
149,22,11.095,30/05/2025
150,22,11.118,31/05/2025
151,22,11.141,01/06/2025
152,22,11.164,02/06/2025
153,22,11.187,03/06/2025
154,23,11.209,04/06/2025
155,23,11.232,05/06/2025
156,23,11.255,06/06/2025
157,23,11.277,07/06/2025
158,23,11.299,08/06/2025
159,23,11.322,09/06/2025
160,23,11.344,10/06/2025
161,24,11.366,11/06/2025
162,24,11.388,12/06/2025
163,24,11.409,13/06/2025
164,24,11.431,14/06/2025
165,24,11.453,15/06/2025
166,24,11.474,16/06/2025
167,24,11.496,17/06/2025
168,25,11.517,18/06/2025
169,25,11.538,19/06/2025
170,25,11.56,20/06/2025
171,25,11.581,21/06/2025
172,25,11.602,22/06/2025
173,25,11.623,23/06/2025
174,25,11.644,24/06/2025
175,26,11.664,25/06/2025
176,26,11.685,26/06/2025
177,26,11.706,27/06/2025
178,26,11.726,28/06/2025
179,26,11.746,29/06/2025
180,26,11.767,30/06/2025
181,26,11.787,01/07/2025
182,27,11.807,02/07/2025
183,27,11.828,03/07/2025
184,27,11.847,04/07/2025
185,27,11.868,05/07/2025
186,27,11.888,06/07/2025
187,27,11.907,07/07/2025
188,27,11.927,08/07/2025
189,28,11.947,09/07/2025
190,28,11.967,10/07/2025
191,28,11.986,11/07/2025
192,28,12.005,12/07/2025
193,28,12.025,13/07/2025
194,28,12.044,14/07/2025
195,28,12.064,15/07/2025
196,29,12.083,16/07/2025
197,29,12.102,17/07/2025
198,29,12.121,18/07/2025
199,29,12.14,19/07/2025
200,29,12.159,20/07/2025
201,29,12.178,21/07/2025
202,29,12.197,22/07/2025
203,30,12.216,23/07/2025
204,30,12.234,24/07/2025
205,30,12.254,25/07/2025
206,30,12.272,26/07/2025
207,30,12.291,27/07/2025
208,30,12.309,28/07/2025
209,30,12.327,29/07/2025
210,31,12.346,30/07/2025
211,31,12.364,31/07/2025
212,31,12.383,01/08/2025
213,31,12.401,02/08/2025
214,31,12.419,03/08/2025
215,31,12.437,04/08/2025
216,31,12.455,05/08/2025
217,32,12.473,06/08/2025
218,32,12.491,07/08/2025
219,32,12.509,08/08/2025
220,32,12.527,09/08/2025
221,32,12.545,10/08/2025
222,32,12.563,11/08/2025
223,32,12.58,12/08/2025
224,33,12.598,13/08/2025
225,33,12.615,14/08/2025
226,33,12.633,15/08/2025
227,33,12.651,16/08/2025
228,33,12.668,17/08/2025
229,33,12.686,18/08/2025
230,33,12.703,19/08/2025
231,34,12.72,20/08/2025
232,34,12.738,21/08/2025
233,34,12.755,22/08/2025
234,34,12.772,23/08/2025
235,34,12.789,24/08/2025
236,34,12.806,25/08/2025
237,34,12.823,26/08/2025
238,35,12.841,27/08/2025
239,35,12.857,28/08/2025
240,35,12.874,29/08/2025
241,35,12.891,30/08/2025
242,35,12.908,31/08/2025
243,35,12.925,01/09/2025
244,35,12.942,02/09/2025
245,36,12.958,03/09/2025
246,36,12.975,04/09/2025
247,36,12.992,05/09/2025
248,36,13.008,06/09/2025
249,36,13.025,07/09/2025
250,36,13.041,08/09/2025
251,36,13.057,09/09/2025
252,37,13.074,10/09/2025
253,37,13.09,11/09/2025
254,37,13.107,12/09/2025
255,37,13.123,13/09/2025
256,37,13.139,14/09/2025
257,37,13.155,15/09/2025
258,37,13.172,16/09/2025
259,38,13.188,17/09/2025
260,38,13.204,18/09/2025
261,38,13.22,19/09/2025
262,38,13.235,20/09/2025
263,38,13.252,21/09/2025
264,38,13.268,22/09/2025
265,38,13.283,23/09/2025
266,39,13.299,24/09/2025
267,39,13.315,25/09/2025
268,39,13.331,26/09/2025
269,39,13.346,27/09/2025
270,39,13.362,28/09/2025
271,39,13.378,29/09/2025
272,39,13.393,30/09/2025
273,40,13.409,01/10/2025
274,40,13.425,02/10/2025
275,40,13.44,03/10/2025
276,40,13.455,04/10/2025
277,40,13.471,05/10/2025
278,40,13.487,06/10/2025
279,40,13.501,07/10/2025
280,41,13.517,08/10/2025
281,41,13.532,09/10/2025
282,41,13.548,10/10/2025
283,41,13.563,11/10/2025
284,41,13.578,12/10/2025
285,41,13.593,13/10/2025
286,41,13.608,14/10/2025
287,42,13.624,15/10/2025
288,42,13.638,16/10/2025
289,42,13.653,17/10/2025
290,42,13.668,18/10/2025
291,42,13.683,19/10/2025
292,42,13.699,20/10/2025
293,42,13.713,21/10/2025
294,43,13.728,22/10/2025
295,43,13.743,23/10/2025
296,43,13.758,24/10/2025
297,43,13.773,25/10/2025
298,43,13.788,26/10/2025
299,43,13.802,27/10/2025
300,43,13.817,28/10/2025
301,44,13.832,29/10/2025
302,44,13.846,30/10/2025
303,44,13.861,31/10/2025
304,44,13.875,01/11/2025
305,44,13.89,02/11/2025
306,44,13.904,03/11/2025
307,44,13.919,04/11/2025
308,45,13.934,05/11/2025
309,45,13.948,06/11/2025
310,45,13.962,07/11/2025
311,45,13.977,08/11/2025
312,45,13.991,09/11/2025
313,45,14.006,10/11/2025
314,45,14.02,11/11/2025
315,46,14.034,12/11/2025
316,46,14.048,13/11/2025
317,46,14.063,14/11/2025
318,46,14.077,15/11/2025
319,46,14.091,16/11/2025
320,46,14.105,17/11/2025
321,46,14.119,18/11/2025
322,47,14.134,19/11/2025
323,47,14.148,20/11/2025
324,47,14.162,21/11/2025
325,47,14.176,22/11/2025
326,47,14.19,23/11/2025
327,47,14.204,24/11/2025
328,47,14.218,25/11/2025
329,48,14.232,26/11/2025
330,48,14.246,27/11/2025
331,48,14.26,28/11/2025
332,48,14.274,29/11/2025
333,48,14.288,30/11/2025
334,48,14.301,01/12/2025
335,48,14.315,02/12/2025
336,49,14.329,03/12/2025
337,49,14.343,04/12/2025
338,49,14.357,05/12/2025
339,49,14.37,06/12/2025
340,49,14.384,07/12/2025
341,49,14.398,08/12/2025
342,49,14.411,09/12/2025
343,50,14.425,10/12/2025
344,50,14.439,11/12/2025
345,50,14.453,12/12/2025
346,50,14.466,13/12/2025
347,50,14.48,14/12/2025
348,50,14.493,15/12/2025
349,50,14.507,16/12/2025
350,51,14.521,17/12/2025
351,51,14.534,18/12/2025
352,51,14.548,19/12/2025
353,51,14.561,20/12/2025
354,51,14.575,21/12/2025
355,51,14.588,22/12/2025
356,51,14.602,23/12/2025
357,52,14.614,24/12/2025
358,52,14.628,25/12/2025
359,52,14.642,26/12/2025
360,52,14.655,27/12/2025
361,52,14.668,28/12/2025
362,52,14.682,29/12/2025
363,52,14.695,30/12/2025
364,53,14.708,31/12/2025
365,53,14.721,01/01/2026
366,53,14.735,02/01/2026
367,53,14.748,03/01/2026
368,53,14.761,04/01/2026
369,53,14.775,05/01/2026
370,53,14.788,06/01/2026
371,54,14.801,07/01/2026
372,54,14.815,08/01/2026
373,54,14.827,09/01/2026
374,54,14.841,10/01/2026
375,54,14.853,11/01/2026
376,54,14.867,12/01/2026
377,54,14.88,13/01/2026
378,55,14.893,14/01/2026
379,55,14.906,15/01/2026
380,55,14.919,16/01/2026
381,55,14.932,17/01/2026
382,55,14.945,18/01/2026
383,55,14.958,19/01/2026
384,55,14.971,20/01/2026
385,56,14.984,21/01/2026
386,56,14.997,22/01/2026
387,56,15.01,23/01/2026
388,56,15.023,24/01/2026
389,56,15.036,25/01/2026
390,56,15.049,26/01/2026
391,56,15.062,27/01/2026
392,57,15.075,28/01/2026
393,57,15.088,29/01/2026
394,57,15.1,30/01/2026
395,57,15.113,31/01/2026
396,57,15.126,01/02/2026
397,57,15.139,02/02/2026
398,57,15.152,03/02/2026
399,58,15.165,04/02/2026
400,58,15.177,05/02/2026
401,58,15.19,06/02/2026
402,58,15.203,07/02/2026
403,58,15.215,08/02/2026
404,58,15.228,09/02/2026
405,58,15.241,10/02/2026
406,59,15.253,11/02/2026
407,59,15.267,12/02/2026
408,59,15.279,13/02/2026
409,59,15.292,14/02/2026
410,59,15.305,15/02/2026
411,59,15.317,16/02/2026
412,59,15.329,17/02/2026
413,60,15.343,18/02/2026
414,60,15.355,19/02/2026
415,60,15.367,20/02/2026
416,60,15.38,21/02/2026
417,60,15.393,22/02/2026
418,60,15.405,23/02/2026
419,60,15.418,24/02/2026
420,61,15.43,25/02/2026
421,61,15.443,26/02/2026
422,61,15.455,27/02/2026
423,61,15.468,28/02/2026
424,61,15.481,01/03/2026
425,61,15.493,02/03/2026
426,61,15.506,03/03/2026
427,62,15.518,04/03/2026
428,62,15.53,05/03/2026
429,62,15.543,06/03/2026
430,62,15.556,07/03/2026
431,62,15.568,08/03/2026
432,62,15.58,09/03/2026
433,62,15.592,10/03/2026
434,63,15.605,11/03/2026
435,63,15.618,12/03/2026
436,63,15.63,13/03/2026
437,63,15.642,14/03/2026
438,63,15.654,15/03/2026
439,63,15.667,16/03/2026
440,63,15.68,17/03/2026
441,64,15.692,18/03/2026
442,64,15.704,19/03/2026
443,64,15.716,20/03/2026
444,64,15.728,21/03/2026
445,64,15.741,22/03/2026
446,64,15.754,23/03/2026
447,64,15.766,24/03/2026
448,65,15.778,25/03/2026
449,65,15.79,26/03/2026
450,65,15.802,27/03/2026
451,65,15.815,28/03/2026
452,65,15.827,29/03/2026
453,65,15.839,30/03/2026
454,65,15.852,31/03/2026
455,66,15.863,01/04/2026
456,66,15.876,02/04/2026
457,66,15.888,03/04/2026
458,66,15.901,04/04/2026
459,66,15.913,05/04/2026
460,66,15.925,06/04/2026
461,66,15.937,07/04/2026
462,67,15.949,08/04/2026
463,67,15.961,09/04/2026
464,67,15.973,10/04/2026
465,67,15.985,11/04/2026
466,67,15.998,12/04/2026
467,67,16.01,13/04/2026
468,67,16.022,14/04/2026
469,68,16.034,15/04/2026
470,68,16.046,16/04/2026
471,68,16.058,17/04/2026
472,68,16.071,18/04/2026
473,68,16.082,19/04/2026
474,68,16.095,20/04/2026
475,68,16.107,21/04/2026
476,69,16.12,22/04/2026
477,69,16.132,23/04/2026
478,69,16.144,24/04/2026
479,69,16.156,25/04/2026
480,69,16.168,26/04/2026
481,69,16.18,27/04/2026
482,69,16.192,28/04/2026
483,70,16.204,29/04/2026
484,70,16.216,30/04/2026
485,70,16.228,01/05/2026
486,70,16.24,02/05/2026
487,70,16.252,03/05/2026
488,70,16.264,04/05/2026
489,70,16.276,05/05/2026
490,71,16.288,06/05/2026
491,71,16.3,07/05/2026
492,71,16.312,08/05/2026
493,71,16.324,09/05/2026
494,71,16.336,10/05/2026
495,71,16.348,11/05/2026
496,71,16.361,12/05/2026
497,72,16.373,13/05/2026
498,72,16.385,14/05/2026
499,72,16.397,15/05/2026
500,72,16.409,16/05/2026
501,72,16.421,17/05/2026
502,72,16.433,18/05/2026
503,72,16.445,19/05/2026
504,73,16.457,20/05/2026
505,73,16.469,21/05/2026
506,73,16.481,22/05/2026
507,73,16.493,23/05/2026
508,73,16.505,24/05/2026
509,73,16.517,25/05/2026
510,73,16.529,26/05/2026
511,74,16.541,27/05/2026
512,74,16.553,28/05/2026
513,74,16.565,29/05/2026
514,74,16.577,30/05/2026
515,74,16.589,31/05/2026
516,74,16.6,01/06/2026
517,74,16.612,02/06/2026
518,75,16.625,03/06/2026
519,75,16.637,04/06/2026
520,75,16.649,05/06/2026
521,75,16.661,06/06/2026
522,75,16.673,07/06/2026
523,75,16.685,08/06/2026
524,75,16.696,09/06/2026
525,76,16.708,10/06/2026
526,76,16.72,11/06/2026
527,76,16.733,12/06/2026
528,76,16.745,13/06/2026
529,76,16.757,14/06/2026
530,76,16.768,15/06/2026
531,76,16.78,16/06/2026
532,77,16.792,17/06/2026
533,77,16.804,18/06/2026
534,77,16.816,19/06/2026
535,77,16.828,20/06/2026
536,77,16.84,21/06/2026
537,77,16.852,22/06/2026
538,77,16.864,23/06/2026
539,78,16.876,24/06/2026
540,78,16.887,25/06/2026
541,78,16.899,26/06/2026
542,78,16.912,27/06/2026
543,78,16.924,28/06/2026
544,78,16.936,29/06/2026
545,78,16.947,30/06/2026
546,79,16.959,01/07/2026
547,79,16.971,02/07/2026
548,79,16.983,03/07/2026
549,79,16.995,04/07/2026
550,79,17.007,05/07/2026
551,79,17.019,06/07/2026
552,79,17.03,07/07/2026
553,80,17.043,08/07/2026
554,80,17.054,09/07/2026
555,80,17.067,10/07/2026
556,80,17.078,11/07/2026
557,80,17.09,12/07/2026
558,80,17.102,13/07/2026
559,80,17.114,14/07/2026
560,81,17.125,15/07/2026
561,81,17.138,16/07/2026
562,81,17.15,17/07/2026
563,81,17.162,18/07/2026
564,81,17.173,19/07/2026
565,81,17.185,20/07/2026
566,81,17.198,21/07/2026
567,82,17.209,22/07/2026
568,82,17.221,23/07/2026
569,82,17.233,24/07/2026
570,82,17.245,25/07/2026
571,82,17.257,26/07/2026
572,82,17.269,27/07/2026
573,82,17.28,28/07/2026
574,83,17.292,29/07/2026
575,83,17.304,30/07/2026
576,83,17.316,31/07/2026
577,83,17.328,01/08/2026
578,83,17.34,02/08/2026
579,83,17.352,03/08/2026
580,83,17.364,04/08/2026
581,84,17.376,05/08/2026
582,84,17.388,06/08/2026
583,84,17.399,07/08/2026
584,84,17.411,08/08/2026
585,84,17.423,09/08/2026
586,84,17.435,10/08/2026
587,84,17.447,11/08/2026
588,85,17.459,12/08/2026
589,85,17.471,13/08/2026
590,85,17.483,14/08/2026
591,85,17.494,15/08/2026
592,85,17.507,16/08/2026
593,85,17.518,17/08/2026
594,85,17.53,18/08/2026
595,86,17.542,19/08/2026
596,86,17.554,20/08/2026
597,86,17.566,21/08/2026
598,86,17.578,22/08/2026
599,86,17.589,23/08/2026
600,86,17.602,24/08/2026
601,86,17.614,25/08/2026
602,87,17.625,26/08/2026
603,87,17.637,27/08/2026
604,87,17.649,28/08/2026
605,87,17.661,29/08/2026
606,87,17.673,30/08/2026
607,87,17.685,31/08/2026
608,87,17.697,01/09/2026
609,88,17.709,02/09/2026
610,88,17.721,03/09/2026
611,88,17.732,04/09/2026
612,88,17.745,05/09/2026
613,88,17.757,06/09/2026
614,88,17.768,07/09/2026
615,88,17.781,08/09/2026
616,89,17.792,09/09/2026
617,89,17.804,10/09/2026
618,89,17.817,11/09/2026
619,89,17.828,12/09/2026
620,89,17.84,13/09/2026
621,89,17.852,14/09/2026
622,89,17.864,15/09/2026
623,90,17.876,16/09/2026
624,90,17.888,17/09/2026
625,90,17.9,18/09/2026
626,90,17.912,19/09/2026
627,90,17.924,20/09/2026
628,90,17.936,21/09/2026
629,90,17.948,22/09/2026
630,91,17.96,23/09/2026
631,91,17.972,24/09/2026
632,91,17.984,25/09/2026
633,91,17.995,26/09/2026
634,91,18.008,27/09/2026
635,91,18.02,28/09/2026
636,91,18.032,29/09/2026
637,92,18.044,30/09/2026
638,92,18.056,01/10/2026
639,92,18.068,02/10/2026
640,92,18.08,03/10/2026
641,92,18.092,04/10/2026
642,92,18.103,05/10/2026
643,92,18.116,06/10/2026
644,93,18.127,07/10/2026
645,93,18.14,08/10/2026
646,93,18.152,09/10/2026
647,93,18.164,10/10/2026
648,93,18.176,11/10/2026
649,93,18.188,12/10/2026
650,93,18.2,13/10/2026
651,94,18.212,14/10/2026
652,94,18.224,15/10/2026
653,94,18.237,16/10/2026
654,94,18.248,17/10/2026
655,94,18.261,18/10/2026
656,94,18.272,19/10/2026
657,94,18.285,20/10/2026
658,95,18.296,21/10/2026
659,95,18.309,22/10/2026
660,95,18.32,23/10/2026
661,95,18.333,24/10/2026
662,95,18.345,25/10/2026
663,95,18.357,26/10/2026
664,95,18.369,27/10/2026
665,96,18.381,28/10/2026
666,96,18.393,29/10/2026
667,96,18.406,30/10/2026
668,96,18.418,31/10/2026
669,96,18.43,01/11/2026
670,96,18.442,02/11/2026
671,96,18.454,03/11/2026
672,97,18.466,04/11/2026
673,97,18.478,05/11/2026
674,97,18.49,06/11/2026
675,97,18.502,07/11/2026
676,97,18.515,08/11/2026
677,97,18.527,09/11/2026
678,97,18.539,10/11/2026
679,98,18.551,11/11/2026
680,98,18.563,12/11/2026
681,98,18.575,13/11/2026
682,98,18.588,14/11/2026
683,98,18.6,15/11/2026
684,98,18.612,16/11/2026
685,98,18.624,17/11/2026
686,99,18.636,18/11/2026
687,99,18.649,19/11/2026
688,99,18.66,20/11/2026
689,99,18.673,21/11/2026
690,99,18.685,22/11/2026
691,99,18.697,23/11/2026
692,99,18.71,24/11/2026
693,100,18.721,25/11/2026
694,100,18.734,26/11/2026
695,100,18.747,27/11/2026
696,100,18.758,28/11/2026
697,100,18.771,29/11/2026
698,100,18.782,30/11/2026
699,100,18.795,01/12/2026
700,101,18.807,02/12/2026
701,101,18.819,03/12/2026
702,101,18.832,04/12/2026
703,101,18.844,05/12/2026
704,101,18.856,06/12/2026
705,101,18.868,07/12/2026
706,101,18.881,08/12/2026
707,102,18.892,09/12/2026
708,102,18.905,10/12/2026
709,102,18.918,11/12/2026
710,102,18.929,12/12/2026
711,102,18.942,13/12/2026
712,102,18.955,14/12/2026
713,102,18.966,15/12/2026
714,103,18.979,16/12/2026
715,103,18.991,17/12/2026
716,103,19.003,18/12/2026
717,103,19.016,19/12/2026
718,103,19.028,20/12/2026
719,103,19.041,21/12/2026
720,103,19.052,22/12/2026
721,104,19.065,23/12/2026
722,104,19.078,24/12/2026
723,104,19.089,25/12/2026
724,104,19.102,26/12/2026
725,104,19.114,27/12/2026
726,104,19.127,28/12/2026
727,104,19.139,29/12/2026
728,105,19.151,30/12/2026
729,105,19.164,31/12/2026
730,105,19.175,01/01/2027
731,105,19.188,02/01/2027
732,105,19.201,03/01/2027
733,105,19.213,04/01/2027
734,105,19.225,05/01/2027
735,106,19.237,06/01/2027
736,106,19.25,07/01/2027
737,106,19.262,08/01/2027
738,106,19.274,09/01/2027
739,106,19.287,10/01/2027
740,106,19.299,11/01/2027
741,106,19.312,12/01/2027
742,107,19.324,13/01/2027
743,107,19.336,14/01/2027
744,107,19.349,15/01/2027
745,107,19.361,16/01/2027
746,107,19.374,17/01/2027
747,107,19.386,18/01/2027
748,107,19.398,19/01/2027
749,108,19.411,20/01/2027
750,108,19.423,21/01/2027
751,108,19.436,22/01/2027
752,108,19.448,23/01/2027
753,108,19.46,24/01/2027
754,108,19.473,25/01/2027
755,108,19.485,26/01/2027
756,109,19.498,27/01/2027
757,109,19.51,28/01/2027
758,109,19.522,29/01/2027
759,109,19.535,30/01/2027
760,109,19.547,31/01/2027
761,109,19.56,01/02/2027
762,109,19.573,02/02/2027
763,110,19.584,03/02/2027
764,110,19.597,04/02/2027
765,110,19.609,05/02/2027
766,110,19.622,06/02/2027
767,110,19.634,07/02/2027
768,110,19.647,08/02/2027
769,110,19.659,09/02/2027
770,111,19.671,10/02/2027
771,111,19.684,11/02/2027
772,111,19.696,12/02/2027
773,111,19.709,13/02/2027
774,111,19.721,14/02/2027
775,111,19.734,15/02/2027
776,111,19.747,16/02/2027
777,112,19.759,17/02/2027
778,112,19.772,18/02/2027
779,112,19.783,19/02/2027
780,112,19.796,20/02/2027
781,112,19.808,21/02/2027
782,112,19.821,22/02/2027
783,112,19.834,23/02/2027
784,113,19.846,24/02/2027
785,113,19.859,25/02/2027
786,113,19.871,26/02/2027
787,113,19.884,27/02/2027
788,113,19.896,28/02/2027
789,113,19.909,01/03/2027
790,113,19.921,02/03/2027
791,114,19.934,03/03/2027
792,114,19.946,04/03/2027
793,114,19.958,05/03/2027
794,114,19.97,06/03/2027
795,114,19.983,07/03/2027
796,114,19.995,08/03/2027
797,114,20.008,09/03/2027
798,115,20.02,10/03/2027
799,115,20.033,11/03/2027
800,115,20.045,12/03/2027
801,115,20.058,13/03/2027
802,115,20.071,14/03/2027
803,115,20.083,15/03/2027
804,115,20.096,16/03/2027
805,116,20.108,17/03/2027
806,116,20.121,18/03/2027
807,116,20.133,19/03/2027
808,116,20.145,20/03/2027
809,116,20.158,21/03/2027
810,116,20.17,22/03/2027
811,116,20.183,23/03/2027
812,117,20.195,24/03/2027
813,117,20.208,25/03/2027
814,117,20.22,26/03/2027
815,117,20.234,27/03/2027
816,117,20.246,28/03/2027
817,117,20.259,29/03/2027
818,117,20.271,30/03/2027
819,118,20.283,31/03/2027
820,118,20.296,01/04/2027
821,118,20.309,02/04/2027
822,118,20.321,03/04/2027
823,118,20.333,04/04/2027
824,118,20.346,05/04/2027
825,118,20.358,06/04/2027
826,119,20.37,07/04/2027
827,119,20.383,08/04/2027
828,119,20.396,09/04/2027
829,119,20.409,10/04/2027
830,119,20.421,11/04/2027
831,119,20.433,12/04/2027
832,119,20.446,13/04/2027
833,120,20.458,14/04/2027
834,120,20.471,15/04/2027
835,120,20.483,16/04/2027
836,120,20.495,17/04/2027
837,120,20.509,18/04/2027
838,120,20.521,19/04/2027
839,120,20.533,20/04/2027
840,121,20.546,21/04/2027
841,121,20.558,22/04/2027
842,121,20.57,23/04/2027
843,121,20.583,24/04/2027
844,121,20.596,25/04/2027
845,121,20.608,26/04/2027
846,121,20.621,27/04/2027
847,122,20.633,28/04/2027
848,122,20.645,29/04/2027
849,122,20.659,30/04/2027
850,122,20.671,01/05/2027
851,122,20.683,02/05/2027
852,122,20.695,03/05/2027
853,122,20.708,04/05/2027
854,123,20.721,05/05/2027
855,123,20.733,06/05/2027
856,123,20.746,07/05/2027
857,123,20.758,08/05/2027
858,123,20.77,09/05/2027
859,123,20.783,10/05/2027
860,123,20.796,11/05/2027
861,124,20.808,12/05/2027
862,124,20.82,13/05/2027
863,124,20.833,14/05/2027
864,124,20.845,15/05/2027
865,124,20.858,16/05/2027
866,124,20.87,17/05/2027
867,124,20.883,18/05/2027
868,125,20.895,19/05/2027
869,125,20.908,20/05/2027
870,125,20.92,21/05/2027
871,125,20.933,22/05/2027
872,125,20.945,23/05/2027
873,125,20.957,24/05/2027
874,125,20.97,25/05/2027
875,126,20.983,26/05/2027
876,126,20.995,27/05/2027
877,126,21.007,28/05/2027
878,126,21.02,29/05/2027
879,126,21.032,30/05/2027
880,126,21.044,31/05/2027
881,126,21.058,01/06/2027
882,127,21.07,02/06/2027
883,127,21.082,03/06/2027
884,127,21.095,04/06/2027
885,127,21.107,05/06/2027
886,127,21.119,06/06/2027
887,127,21.132,07/06/2027
888,127,21.144,08/06/2027
889,128,21.157,09/06/2027
890,128,21.17,10/06/2027
891,128,21.182,11/06/2027
892,128,21.194,12/06/2027
893,128,21.207,13/06/2027
894,128,21.219,14/06/2027
895,128,21.231,15/06/2027
896,129,21.244,16/06/2027
897,129,21.256,17/06/2027
898,129,21.269,18/06/2027
899,129,21.281,19/06/2027
900,129,21.293,20/06/2027
901,129,21.306,21/06/2027
902,129,21.318,22/06/2027
903,130,21.331,23/06/2027
904,130,21.344,24/06/2027
905,130,21.355,25/06/2027
906,130,21.369,26/06/2027
907,130,21.381,27/06/2027
908,130,21.393,28/06/2027
909,130,21.406,29/06/2027
910,131,21.419,30/06/2027
911,131,21.431,01/07/2027
912,131,21.443,02/07/2027
913,131,21.456,03/07/2027
914,131,21.467,04/07/2027
915,131,21.48,05/07/2027
916,131,21.492,06/07/2027
917,132,21.505,07/07/2027
918,132,21.517,08/07/2027
919,132,21.53,09/07/2027
920,132,21.542,10/07/2027
921,132,21.555,11/07/2027
922,132,21.567,12/07/2027
923,132,21.58,13/07/2027
924,133,21.592,14/07/2027
925,133,21.605,15/07/2027
926,133,21.617,16/07/2027
927,133,21.63,17/07/2027
928,133,21.642,18/07/2027
929,133,21.655,19/07/2027
930,133,21.667,20/07/2027
931,134,21.679,21/07/2027
932,134,21.691,22/07/2027
933,134,21.704,23/07/2027
934,134,21.716,24/07/2027
935,134,21.729,25/07/2027
936,134,21.741,26/07/2027
937,134,21.754,27/07/2027
938,135,21.767,28/07/2027
939,135,21.778,29/07/2027
940,135,21.791,30/07/2027
941,135,21.803,31/07/2027
942,135,21.816,01/08/2027
943,135,21.828,02/08/2027
944,135,21.841,03/08/2027
945,136,21.854,04/08/2027
946,136,21.866,05/08/2027
947,136,21.878,06/08/2027
948,136,21.89,07/08/2027
949,136,21.903,08/08/2027
950,136,21.916,09/08/2027
951,136,21.928,10/08/2027
952,137,21.94,11/08/2027
953,137,21.952,12/08/2027
954,137,21.965,13/08/2027
955,137,21.978,14/08/2027
956,137,21.99,15/08/2027
957,137,22.003,16/08/2027
958,137,22.014,17/08/2027
959,138,22.027,18/08/2027
960,138,22.04,19/08/2027
961,138,22.052,20/08/2027
962,138,22.065,21/08/2027
963,138,22.077,22/08/2027
964,138,22.089,23/08/2027
965,138,22.102,24/08/2027
966,139,22.115,25/08/2027
967,139,22.127,26/08/2027
968,139,22.14,27/08/2027
969,139,22.152,28/08/2027
970,139,22.164,29/08/2027
971,139,22.177,30/08/2027
972,139,22.189,31/08/2027
973,140,22.201,01/09/2027
974,140,22.214,02/09/2027
975,140,22.227,03/09/2027
976,140,22.239,04/09/2027
977,140,22.251,05/09/2027
978,140,22.264,06/09/2027
979,140,22.277,07/09/2027
980,141,22.289,08/09/2027
981,141,22.301,09/09/2027
982,141,22.314,10/09/2027
983,141,22.327,11/09/2027
984,141,22.339,12/09/2027
985,141,22.351,13/09/2027
986,141,22.364,14/09/2027
987,142,22.377,15/09/2027
988,142,22.389,16/09/2027
989,142,22.402,17/09/2027
990,142,22.414,18/09/2027
991,142,22.427,19/09/2027
992,142,22.439,20/09/2027
993,142,22.452,21/09/2027
994,143,22.464,22/09/2027
995,143,22.477,23/09/2027
996,143,22.489,24/09/2027
997,143,22.501,25/09/2027
998,143,22.514,26/09/2027
999,143,22.527,27/09/2027
1000,143,22.54,28/09/2027
1001,144,22.551,29/09/2027
1002,144,22.564,30/09/2027
1003,144,22.577,01/10/2027
1004,144,22.59,02/10/2027
1005,144,22.602,03/10/2027
1006,144,22.614,04/10/2027
1007,144,22.627,05/10/2027
1008,145,22.64,06/10/2027
1009,145,22.652,07/10/2027
1010,145,22.665,08/10/2027
1011,145,22.678,09/10/2027
1012,145,22.689,10/10/2027
1013,145,22.702,11/10/2027
1014,145,22.715,12/10/2027
1015,146,22.728,13/10/2027
1016,146,22.74,14/10/2027
1017,146,22.753,15/10/2027
1018,146,22.766,16/10/2027
1019,146,22.778,17/10/2027
1020,146,22.79,18/10/2027
1021,146,22.803,19/10/2027
1022,147,22.816,20/10/2027
1023,147,22.829,21/10/2027
1024,147,22.841,22/10/2027
1025,147,22.854,23/10/2027
1026,147,22.867,24/10/2027
1027,147,22.88,25/10/2027
1028,147,22.893,26/10/2027
1029,148,22.904,27/10/2027
1030,148,22.917,28/10/2027
1031,148,22.93,29/10/2027
1032,148,22.942,30/10/2027
1033,148,22.955,31/10/2027
1034,148,22.968,01/11/2027
1035,148,22.981,02/11/2027
1036,149,22.993,03/11/2027
1037,149,23.006,04/11/2027
1038,149,23.019,05/11/2027
1039,149,23.031,06/11/2027
1040,149,23.044,07/11/2027
1041,149,23.057,08/11/2027
1042,149,23.07,09/11/2027
1043,150,23.082,10/11/2027
1044,150,23.095,11/11/2027
1045,150,23.108,12/11/2027
1046,150,23.121,13/11/2027
1047,150,23.133,14/11/2027
1048,150,23.145,15/11/2027
1049,150,23.158,16/11/2027
1050,151,23.171,17/11/2027
1051,151,23.183,18/11/2027
1052,151,23.196,19/11/2027
1053,151,23.209,20/11/2027
1054,151,23.223,21/11/2027
1055,151,23.236,22/11/2027
1056,151,23.248,23/11/2027
1057,152,23.261,24/11/2027
1058,152,23.274,25/11/2027
1059,152,23.287,26/11/2027
1060,152,23.3,27/11/2027
1061,152,23.312,28/11/2027
1062,152,23.325,29/11/2027
1063,152,23.338,30/11/2027
1064,153,23.351,01/12/2027
1065,153,23.363,02/12/2027
1066,153,23.376,03/12/2027
1067,153,23.389,04/12/2027
1068,153,23.402,05/12/2027
1069,153,23.415,06/12/2027
1070,153,23.428,07/12/2027
1071,154,23.44,08/12/2027
1072,154,23.453,09/12/2027
1073,154,23.467,10/12/2027
1074,154,23.48,11/12/2027
1075,154,23.492,12/12/2027
1076,154,23.505,13/12/2027
1077,154,23.518,14/12/2027
1078,155,23.531,15/12/2027
1079,155,23.544,16/12/2027
1080,155,23.557,17/12/2027
1081,155,23.569,18/12/2027
1082,155,23.583,19/12/2027
1083,155,23.596,20/12/2027
1084,155,23.609,21/12/2027
1085,156,23.622,22/12/2027
1086,156,23.634,23/12/2027
1087,156,23.647,24/12/2027
1088,156,23.66,25/12/2027
1089,156,23.674,26/12/2027
1090,156,23.687,27/12/2027
1091,156,23.7,28/12/2027
1092,157,23.712,29/12/2027
1093,157,23.725,30/12/2027
1094,157,23.738,31/12/2027
1095,157,23.752,01/01/2028
1096,157,23.765,02/01/2028
1097,157,23.778,03/01/2028
1098,157,23.79,04/01/2028
1099,158,23.803,05/01/2028
1100,158,23.817,06/01/2028
1101,158,23.83,07/01/2028
1102,158,23.843,08/01/2028
1103,158,23.856,09/01/2028
1104,158,23.869,10/01/2028
1105,158,23.883,11/01/2028
1106,159,23.895,12/01/2028
1107,159,23.908,13/01/2028
1108,159,23.921,14/01/2028
1109,159,23.934,15/01/2028
1110,159,23.948,16/01/2028
1111,159,23.961,17/01/2028
1112,159,23.974,18/01/2028
1113,160,23.986,19/01/2028
1114,160,24.001,20/01/2028
1115,160,24.013,21/01/2028
1116,160,24.026,22/01/2028
1117,160,24.04,23/01/2028
1118,160,24.053,24/01/2028
1119,160,24.066,25/01/2028
1120,161,24.079,26/01/2028
1121,161,24.093,27/01/2028
1122,161,24.106,28/01/2028
1123,161,24.118,29/01/2028
1124,161,24.132,30/01/2028
1125,161,24.145,31/01/2028
1126,161,24.158,01/02/2028
1127,162,24.171,02/02/2028
1128,162,24.185,03/02/2028
1129,162,24.198,04/02/2028
1130,162,24.211,05/02/2028
1131,162,24.225,06/02/2028
1132,162,24.238,07/02/2028
1133,162,24.251,08/02/2028
1134,163,24.265,09/02/2028
1135,163,24.278,10/02/2028
1136,163,24.29,11/02/2028
1137,163,24.305,12/02/2028
1138,163,24.317,13/02/2028
1139,163,24.331,14/02/2028
1140,163,24.344,15/02/2028
1141,164,24.357,16/02/2028
1142,164,24.37,17/02/2028
1143,164,24.384,18/02/2028
1144,164,24.397,19/02/2028
1145,164,24.411,20/02/2028
1146,164,24.424,21/02/2028
1147,164,24.437,22/02/2028
1148,165,24.451,23/02/2028
1149,165,24.464,24/02/2028
1150,165,24.477,25/02/2028
1151,165,24.491,26/02/2028
1152,165,24.504,27/02/2028
1153,165,24.518,28/02/2028
1154,165,24.531,29/02/2028
1155,166,24.544,01/03/2028
1156,166,24.558,02/03/2028
1157,166,24.571,03/03/2028
1158,166,24.585,04/03/2028
1159,166,24.598,05/03/2028
1160,166,24.612,06/03/2028
1161,166,24.625,07/03/2028
1162,167,24.638,08/03/2028
1163,167,24.652,09/03/2028
1164,167,24.665,10/03/2028
1165,167,24.679,11/03/2028
1166,167,24.692,12/03/2028
1167,167,24.706,13/03/2028
1168,167,24.719,14/03/2028
1169,168,24.733,15/03/2028
1170,168,24.746,16/03/2028
1171,168,24.76,17/03/2028
1172,168,24.773,18/03/2028
1173,168,24.786,19/03/2028
1174,168,24.8,20/03/2028
1175,168,24.813,21/03/2028
1176,169,24.827,22/03/2028
1177,169,24.84,23/03/2028
1178,169,24.854,24/03/2028
1179,169,24.867,25/03/2028
1180,169,24.881,26/03/2028
1181,169,24.894,27/03/2028
1182,169,24.908,28/03/2028
1183,170,24.921,29/03/2028
1184,170,24.935,30/03/2028
1185,170,24.948,31/03/2028
1186,170,24.963,01/04/2028
1187,170,24.975,02/04/2028
1188,170,24.99,03/04/2028
1189,170,25.004,04/04/2028
1190,171,25.017,05/04/2028
1191,171,25.031,06/04/2028
1192,171,25.044,07/04/2028
1193,171,25.058,08/04/2028
1194,171,25.071,09/04/2028
1195,171,25.085,10/04/2028
1196,171,25.098,11/04/2028
1197,172,25.112,12/04/2028
1198,172,25.125,13/04/2028
1199,172,25.139,14/04/2028
1200,172,25.152,15/04/2028
1201,172,25.166,16/04/2028
1202,172,25.181,17/04/2028
1203,172,25.194,18/04/2028
1204,173,25.208,19/04/2028
1205,173,25.221,20/04/2028
1206,173,25.235,21/04/2028
1207,173,25.248,22/04/2028
1208,173,25.262,23/04/2028
1209,173,25.276,24/04/2028
1210,173,25.289,25/04/2028
1211,174,25.304,26/04/2028
1212,174,25.317,27/04/2028
1213,174,25.331,28/04/2028
1214,174,25.345,29/04/2028
1215,174,25.358,30/04/2028
1216,174,25.372,01/05/2028
1217,174,25.385,02/05/2028
1218,175,25.399,03/05/2028
1219,175,25.413,04/05/2028
1220,175,25.427,05/05/2028
1221,175,25.441,06/05/2028
1222,175,25.455,07/05/2028
1223,175,25.468,08/05/2028
1224,175,25.482,09/05/2028
1225,176,25.495,10/05/2028
1226,176,25.51,11/05/2028
1227,176,25.524,12/05/2028
1228,176,25.536,13/05/2028
1229,176,25.551,14/05/2028
1230,176,25.565,15/05/2028
1231,176,25.578,16/05/2028
1232,177,25.592,17/05/2028
1233,177,25.607,18/05/2028
1234,177,25.62,19/05/2028
1235,177,25.634,20/05/2028
1236,177,25.648,21/05/2028
1237,177,25.661,22/05/2028
1238,177,25.675,23/05/2028
1239,178,25.688,24/05/2028
1240,178,25.703,25/05/2028
1241,178,25.717,26/05/2028
1242,178,25.731,27/05/2028
1243,178,25.744,28/05/2028
1244,178,25.758,29/05/2028
1245,178,25.772,30/05/2028
1246,179,25.785,31/05/2028
1247,179,25.8,01/06/2028
1248,179,25.814,02/06/2028
1249,179,25.827,03/06/2028
1250,179,25.841,04/06/2028
1251,179,25.855,05/06/2028
1252,179,25.869,06/06/2028
1253,180,25.883,07/06/2028
1254,180,25.897,08/06/2028
1255,180,25.91,09/06/2028
1256,180,25.925,10/06/2028
1257,180,25.939,11/06/2028
1258,180,25.953,12/06/2028
1259,180,25.966,13/06/2028
1260,181,25.98,14/06/2028
1261,181,25.995,15/06/2028
1262,181,26.008,16/06/2028
1263,181,26.022,17/06/2028
1264,181,26.036,18/06/2028
1265,181,26.049,19/06/2028
1266,181,26.063,20/06/2028
1267,182,26.078,21/06/2028
1268,182,26.092,22/06/2028
1269,182,26.105,23/06/2028
1270,182,26.119,24/06/2028
1271,182,26.134,25/06/2028
1272,182,26.148,26/06/2028
1273,182,26.161,27/06/2028
1274,183,26.175,28/06/2028
1275,183,26.19,29/06/2028
1276,183,26.203,30/06/2028
1277,183,26.217,01/07/2028
1278,183,26.231,02/07/2028
1279,183,26.246,03/07/2028
1280,183,26.259,04/07/2028
1281,184,26.273,05/07/2028
1282,184,26.287,06/07/2028
1283,184,26.301,07/07/2028
1284,184,26.315,08/07/2028
1285,184,26.329,09/07/2028
1286,184,26.343,10/07/2028
1287,184,26.357,11/07/2028
1288,185,26.37,12/07/2028
1289,185,26.385,13/07/2028
1290,185,26.399,14/07/2028
1291,185,26.414,15/07/2028
1292,185,26.427,16/07/2028
1293,185,26.441,17/07/2028
1294,185,26.455,18/07/2028
1295,186,26.469,19/07/2028
1296,186,26.484,20/07/2028
1297,186,26.497,21/07/2028
1298,186,26.511,22/07/2028
1299,186,26.526,23/07/2028
1300,186,26.54,24/07/2028
1301,186,26.553,25/07/2028
1302,187,26.567,26/07/2028
1303,187,26.582,27/07/2028
1304,187,26.596,28/07/2028
1305,187,26.609,29/07/2028
1306,187,26.624,30/07/2028
1307,187,26.638,31/07/2028
1308,187,26.652,01/08/2028
1309,188,26.666,02/08/2028
1310,188,26.68,03/08/2028
1311,188,26.694,04/08/2028
1312,188,26.709,05/08/2028
1313,188,26.723,06/08/2028
1314,188,26.736,07/08/2028
1315,188,26.75,08/08/2028
1316,189,26.764,09/08/2028
1317,189,26.779,10/08/2028
1318,189,26.793,11/08/2028
1319,189,26.807,12/08/2028
1320,189,26.821,13/08/2028
1321,189,26.835,14/08/2028
1322,189,26.85,15/08/2028
1323,190,26.864,16/08/2028
1324,190,26.877,17/08/2028
1325,190,26.891,18/08/2028
1326,190,26.906,19/08/2028
1327,190,26.92,20/08/2028
1328,190,26.935,21/08/2028
1329,190,26.948,22/08/2028
1330,191,26.962,23/08/2028
1331,191,26.977,24/08/2028
1332,191,26.991,25/08/2028
1333,191,27.004,26/08/2028
1334,191,27.018,27/08/2028
1335,191,27.033,28/08/2028
1336,191,27.047,29/08/2028
1337,192,27.061,30/08/2028
1338,192,27.075,31/08/2028
1339,192,27.089,01/09/2028
1340,192,27.104,02/09/2028
1341,192,27.118,03/09/2028
1342,192,27.133,04/09/2028
1343,192,27.146,05/09/2028
1344,193,27.16,06/09/2028
1345,193,27.174,07/09/2028
1346,193,27.189,08/09/2028
1347,193,27.203,09/09/2028
1348,193,27.216,10/09/2028
1349,193,27.231,11/09/2028
1350,193,27.245,12/09/2028
1351,194,27.259,13/09/2028
1352,194,27.274,14/09/2028
1353,194,27.289,15/09/2028
1354,194,27.302,16/09/2028
1355,194,27.316,17/09/2028
1356,194,27.331,18/09/2028
1357,194,27.345,19/09/2028
1358,195,27.359,20/09/2028
1359,195,27.373,21/09/2028
1360,195,27.387,22/09/2028
1361,195,27.402,23/09/2028
1362,195,27.416,24/09/2028
1363,195,27.431,25/09/2028
1364,195,27.444,26/09/2028
1365,196,27.458,27/09/2028
1366,196,27.473,28/09/2028
1367,196,27.487,29/09/2028
1368,196,27.502,30/09/2028
1369,196,27.515,01/10/2028
1370,196,27.529,02/10/2028
1371,196,27.544,03/10/2028
1372,197,27.558,04/10/2028
1373,197,27.573,05/10/2028
1374,197,27.586,06/10/2028
1375,197,27.601,07/10/2028
1376,197,27.615,08/10/2028
1377,197,27.629,09/10/2028
1378,197,27.644,10/10/2028
1379,198,27.657,11/10/2028
1380,198,27.672,12/10/2028
1381,198,27.686,13/10/2028
1382,198,27.701,14/10/2028
1383,198,27.715,15/10/2028
1384,198,27.728,16/10/2028
1385,198,27.743,17/10/2028
1386,199,27.757,18/10/2028
1387,199,27.772,19/10/2028
1388,199,27.786,20/10/2028
1389,199,27.8,21/10/2028
1390,199,27.814,22/10/2028
1391,199,27.828,23/10/2028
1392,199,27.843,24/10/2028
1393,200,27.858,25/10/2028
1394,200,27.871,26/10/2028
1395,200,27.886,27/10/2028
1396,200,27.9,28/10/2028
1397,200,27.915,29/10/2028
1398,200,27.929,30/10/2028
1399,200,27.943,31/10/2028
1400,201,27.957,01/11/2028
1401,201,27.972,02/11/2028
1402,201,27.986,03/11/2028
1403,201,28.001,04/11/2028
1404,201,28.014,05/11/2028
1405,201,28.028,06/11/2028
1406,201,28.043,07/11/2028
1407,202,28.058,08/11/2028
1408,202,28.071,09/11/2028
1409,202,28.085,10/11/2028
1410,202,28.1,11/11/2028
1411,202,28.115,12/11/2028
1412,202,28.129,13/11/2028
1413,202,28.143,14/11/2028
1414,203,28.157,15/11/2028
1415,203,28.172,16/11/2028
1416,203,28.186,17/11/2028
1417,203,28.201,18/11/2028
1418,203,28.214,19/11/2028
1419,203,28.229,20/11/2028
1420,203,28.244,21/11/2028
1421,204,28.258,22/11/2028
1422,204,28.272,23/11/2028
1423,204,28.286,24/11/2028
1424,204,28.3,25/11/2028
1425,204,28.315,26/11/2028
1426,204,28.33,27/11/2028
1427,204,28.343,28/11/2028
1428,205,28.358,29/11/2028
1429,205,28.373,30/11/2028
1430,205,28.387,01/12/2028
1431,205,28.4,02/12/2028
1432,205,28.415,03/12/2028
1433,205,28.43,04/12/2028
1434,205,28.444,05/12/2028
1435,206,28.459,06/12/2028
1436,206,28.473,07/12/2028
1437,206,28.487,08/12/2028
1438,206,28.501,09/12/2028
1439,206,28.516,10/12/2028
1440,206,28.53,11/12/2028
1441,206,28.545,12/12/2028
1442,207,28.559,13/12/2028
1443,207,28.574,14/12/2028
1444,207,28.588,15/12/2028
1445,207,28.602,16/12/2028
1446,207,28.616,17/12/2028
1447,207,28.631,18/12/2028
1448,207,28.646,19/12/2028
1449,208,28.659,20/12/2028
1450,208,28.674,21/12/2028
1451,208,28.689,22/12/2028
1452,208,28.703,23/12/2028
1453,208,28.717,24/12/2028
1454,208,28.731,25/12/2028
1455,208,28.746,26/12/2028
1456,209,28.761,27/12/2028
1457,209,28.774,28/12/2028
1458,209,28.789,29/12/2028
1459,209,28.803,30/12/2028
1460,209,28.819,31/12/2028
1461,209,28.832,01/01/2029
1462,209,28.847,02/01/2029
1463,210,28.861,03/01/2029
1464,210,28.876,04/01/2029
1465,210,28.89,05/01/2029
1466,210,28.904,06/01/2029
1467,210,28.919,07/01/2029
1468,210,28.934,08/01/2029
1469,210,28.949,09/01/2029
1470,211,28.962,10/01/2029
1471,211,28.976,11/01/2029
1472,211,28.992,12/01/2029
1473,211,29.006,13/01/2029
1474,211,29.02,14/01/2029
1475,211,29.034,15/01/2029
1476,211,29.049,16/01/2029
1477,212,29.063,17/01/2029
1478,212,29.077,18/01/2029
1479,212,29.092,19/01/2029
1480,212,29.107,20/01/2029
1481,212,29.121,21/01/2029
1482,212,29.135,22/01/2029
1483,212,29.15,23/01/2029
1484,213,29.165,24/01/2029
1485,213,29.178,25/01/2029
1486,213,29.193,26/01/2029
1487,213,29.208,27/01/2029
1488,213,29.223,28/01/2029
1489,213,29.236,29/01/2029
1490,213,29.251,30/01/2029
1491,214,29.266,31/01/2029
1492,214,29.281,01/02/2029
1493,214,29.295,02/02/2029
1494,214,29.309,03/02/2029
1495,214,29.324,04/02/2029
1496,214,29.338,05/02/2029
1497,214,29.353,06/02/2029
1498,215,29.367,07/02/2029
1499,215,29.382,08/02/2029
1500,215,29.396,09/02/2029
1501,215,29.41,10/02/2029
1502,215,29.426,11/02/2029
1503,215,29.44,12/02/2029
1504,215,29.454,13/02/2029
1505,216,29.469,14/02/2029
1506,216,29.483,15/02/2029
1507,216,29.497,16/02/2029
1508,216,29.512,17/02/2029
1509,216,29.527,18/02/2029
1510,216,29.542,19/02/2029
1511,216,29.556,20/02/2029
1512,217,29.57,21/02/2029
1513,217,29.585,22/02/2029
1514,217,29.599,23/02/2029
1515,217,29.614,24/02/2029
1516,217,29.629,25/02/2029
1517,217,29.643,26/02/2029
1518,217,29.657,27/02/2029
1519,218,29.672,28/02/2029
1520,218,29.687,01/03/2029
1521,218,29.701,02/03/2029
1522,218,29.715,03/03/2029
1523,218,29.731,04/03/2029
1524,218,29.744,05/03/2029
1525,218,29.759,06/03/2029
1526,219,29.774,07/03/2029
1527,219,29.789,08/03/2029
1528,219,29.803,09/03/2029
1529,219,29.817,10/03/2029
1530,219,29.833,11/03/2029
1531,219,29.846,12/03/2029
1532,219,29.861,13/03/2029
1533,220,29.876,14/03/2029
1534,220,29.889,15/03/2029
1535,220,29.905,16/03/2029
1536,220,29.92,17/03/2029
1537,220,29.933,18/03/2029
1538,220,29.948,19/03/2029
1539,220,29.963,20/03/2029
1540,221,29.978,21/03/2029
1541,221,29.992,22/03/2029
1542,221,30.007,23/03/2029
1543,221,30.022,24/03/2029
1544,221,30.036,25/03/2029
1545,221,30.05,26/03/2029
1546,221,30.066,27/03/2029
1547,222,30.079,28/03/2029
1548,222,30.094,29/03/2029
1549,222,30.109,30/03/2029
1550,222,30.123,31/03/2029
1551,222,30.138,01/04/2029
1552,222,30.153,02/04/2029
1553,222,30.167,03/04/2029
1554,223,30.182,04/04/2029
1555,223,30.197,05/04/2029
1556,223,30.211,06/04/2029
1557,223,30.225,07/04/2029
1558,223,30.241,08/04/2029
1559,223,30.254,09/04/2029
1560,223,30.27,10/04/2029
1561,224,30.284,11/04/2029
1562,224,30.298,12/04/2029
1563,224,30.313,13/04/2029
1564,224,30.328,14/04/2029
1565,224,30.342,15/04/2029
1566,224,30.357,16/04/2029
1567,224,30.372,17/04/2029
1568,225,30.386,18/04/2029
1569,225,30.401,19/04/2029
1570,225,30.415,20/04/2029
1571,225,30.43,21/04/2029
1572,225,30.445,22/04/2029
1573,225,30.459,23/04/2029
1574,225,30.474,24/04/2029
1575,226,30.489,25/04/2029
1576,226,30.503,26/04/2029
1577,226,30.518,27/04/2029
1578,226,30.533,28/04/2029
1579,226,30.547,29/04/2029
1580,226,30.562,30/04/2029
1581,226,30.577,01/05/2029
1582,227,30.591,02/05/2029
1583,227,30.606,03/05/2029
1584,227,30.62,04/05/2029
1585,227,30.635,05/05/2029
1586,227,30.65,06/05/2029
1587,227,30.664,07/05/2029
1588,227,30.679,08/05/2029
1589,228,30.694,09/05/2029
1590,228,30.708,10/05/2029
1591,228,30.723,11/05/2029
1592,228,30.737,12/05/2029
1593,228,30.752,13/05/2029
1594,228,30.767,14/05/2029
1595,228,30.781,15/05/2029
1596,229,30.796,16/05/2029
1597,229,30.812,17/05/2029
1598,229,30.825,18/05/2029
1599,229,30.841,19/05/2029
1600,229,30.854,20/05/2029
1601,229,30.869,21/05/2029
1602,229,30.885,22/05/2029
1603,230,30.898,23/05/2029
1604,230,30.914,24/05/2029
1605,230,30.927,25/05/2029
1606,230,30.943,26/05/2029
1607,230,30.958,27/05/2029
1608,230,30.972,28/05/2029
1609,230,30.987,29/05/2029
1610,231,31,30/05/2029
1611,231,31.016,31/05/2029
1612,231,31.031,01/06/2029
1613,231,31.045,02/06/2029
1614,231,31.06,03/06/2029
1615,231,31.074,04/06/2029
1616,231,31.089,05/06/2029
1617,232,31.104,06/06/2029
1618,232,31.119,07/06/2029
1619,232,31.134,08/06/2029
1620,232,31.148,09/06/2029
1621,232,31.163,10/06/2029
1622,232,31.177,11/06/2029
1623,232,31.192,12/06/2029
1624,233,31.207,13/06/2029
1625,233,31.221,14/06/2029
1626,233,31.236,15/06/2029
1627,233,31.25,16/06/2029
1628,233,31.265,17/06/2029
1629,233,31.281,18/06/2029
1630,233,31.295,19/06/2029
1631,234,31.31,20/06/2029
1632,234,31.324,21/06/2029
1633,234,31.339,22/06/2029
1634,234,31.353,23/06/2029
1635,234,31.368,24/06/2029
1636,234,31.384,25/06/2029
1637,234,31.397,26/06/2029
1638,235,31.413,27/06/2029
1639,235,31.427,28/06/2029
1640,235,31.442,29/06/2029
1641,235,31.456,30/06/2029
1642,235,31.471,01/07/2029
1643,235,31.485,02/07/2029
1644,235,31.5,03/07/2029
1645,236,31.516,04/07/2029
1646,236,31.53,05/07/2029
1647,236,31.545,06/07/2029
1648,236,31.559,07/07/2029
1649,236,31.574,08/07/2029
1650,236,31.588,09/07/2029
1651,236,31.603,10/07/2029
1652,237,31.618,11/07/2029
1653,237,31.633,12/07/2029
1654,237,31.648,13/07/2029
1655,237,31.662,14/07/2029
1656,237,31.677,15/07/2029
1657,237,31.691,16/07/2029
1658,237,31.706,17/07/2029
1659,238,31.721,18/07/2029
1660,238,31.736,19/07/2029
1661,238,31.75,20/07/2029
1662,238,31.765,21/07/2029
1663,238,31.779,22/07/2029
1664,238,31.795,23/07/2029
1665,238,31.81,24/07/2029
1666,239,31.824,25/07/2029
1667,239,31.839,26/07/2029
1668,239,31.853,27/07/2029
1669,239,31.868,28/07/2029
1670,239,31.882,29/07/2029
1671,239,31.898,30/07/2029
1672,239,31.912,31/07/2029
1673,240,31.927,01/08/2029
1674,240,31.941,02/08/2029
1675,240,31.957,03/08/2029
1676,240,31.97,04/08/2029
1677,240,31.986,05/08/2029
1678,240,32,06/08/2029
1679,240,32.015,07/08/2029
1680,241,32.029,08/08/2029
1681,241,32.044,09/08/2029
1682,241,32.059,10/08/2029
1683,241,32.074,11/08/2029
1684,241,32.088,12/08/2029
1685,241,32.103,13/08/2029
1686,241,32.119,14/08/2029
1687,242,32.133,15/08/2029
1688,242,32.148,16/08/2029
1689,242,32.162,17/08/2029
1690,242,32.177,18/08/2029
1691,242,32.191,19/08/2029
1692,242,32.207,20/08/2029
1693,242,32.221,21/08/2029
1694,243,32.236,22/08/2029
1695,243,32.25,23/08/2029
1696,243,32.266,24/08/2029
1697,243,32.28,25/08/2029
1698,243,32.295,26/08/2029
1699,243,32.309,27/08/2029
1700,243,32.324,28/08/2029
1701,244,32.339,29/08/2029
1702,244,32.354,30/08/2029
1703,244,32.368,31/08/2029
1704,244,32.383,01/09/2029
1705,244,32.398,02/09/2029
1706,244,32.413,03/09/2029
1707,244,32.427,04/09/2029
1708,245,32.442,05/09/2029
1709,245,32.456,06/09/2029
1710,245,32.472,07/09/2029
1711,245,32.486,08/09/2029
1712,245,32.501,09/09/2029
1713,245,32.515,10/09/2029
1714,245,32.53,11/09/2029
1715,246,32.545,12/09/2029
1716,246,32.559,13/09/2029
1717,246,32.574,14/09/2029
1718,246,32.588,15/09/2029
1719,246,32.604,16/09/2029
1720,246,32.618,17/09/2029
1721,246,32.633,18/09/2029
1722,247,32.647,19/09/2029
1723,247,32.662,20/09/2029
1724,247,32.677,21/09/2029
1725,247,32.692,22/09/2029
1726,247,32.706,23/09/2029
1727,247,32.722,24/09/2029
1728,247,32.735,25/09/2029
1729,248,32.751,26/09/2029
1730,248,32.765,27/09/2029
1731,248,32.781,28/09/2029
1732,248,32.795,29/09/2029
1733,248,32.81,30/09/2029
1734,248,32.824,01/10/2029
1735,248,32.838,02/10/2029
1736,249,32.854,03/10/2029
1737,249,32.867,04/10/2029
1738,249,32.883,05/10/2029
1739,249,32.897,06/10/2029
1740,249,32.913,07/10/2029
1741,249,32.927,08/10/2029
1742,249,32.942,09/10/2029
1743,250,32.956,10/10/2029
1744,250,32.972,11/10/2029
1745,250,32.986,12/10/2029
1746,250,33.001,13/10/2029
1747,250,33.016,14/10/2029
1748,250,33.029,15/10/2029
1749,250,33.045,16/10/2029
1750,251,33.059,17/10/2029
1751,251,33.074,18/10/2029
1752,251,33.089,19/10/2029
1753,251,33.104,20/10/2029
1754,251,33.118,21/10/2029
1755,251,33.134,22/10/2029
1756,251,33.147,23/10/2029
1757,252,33.162,24/10/2029
1758,252,33.177,25/10/2029
1759,252,33.191,26/10/2029
1760,252,33.207,27/10/2029
1761,252,33.221,28/10/2029
1762,252,33.236,29/10/2029
1763,252,33.25,30/10/2029
1764,253,33.266,31/10/2029
1765,253,33.28,01/11/2029
1766,253,33.294,02/11/2029
1767,253,33.31,03/11/2029
1768,253,33.323,04/11/2029
1769,253,33.339,05/11/2029
1770,253,33.353,06/11/2029
1771,254,33.369,07/11/2029
1772,254,33.383,08/11/2029
1773,254,33.397,09/11/2029
1774,254,33.412,10/11/2029
1775,254,33.426,11/11/2029
1776,254,33.442,12/11/2029
1777,254,33.456,13/11/2029
1778,255,33.472,14/11/2029
1779,255,33.486,15/11/2029
1780,255,33.5,16/11/2029
1781,255,33.515,17/11/2029
1782,255,33.529,18/11/2029
1783,255,33.545,19/11/2029
1784,255,33.559,20/11/2029
1785,256,33.573,21/11/2029
1786,256,33.589,22/11/2029
1787,256,33.603,23/11/2029
1788,256,33.618,24/11/2029
1789,256,33.632,25/11/2029
1790,256,33.648,26/11/2029
1791,256,33.662,27/11/2029
1792,257,33.676,28/11/2029
1793,257,33.692,29/11/2029
1794,257,33.706,30/11/2029
1795,257,33.721,01/12/2029
1796,257,33.735,02/12/2029
1797,257,33.749,03/12/2029
1798,257,33.765,04/12/2029
1799,258,33.779,05/12/2029
1800,258,33.795,06/12/2029
1801,258,33.809,07/12/2029
1802,258,33.823,08/12/2029
1803,258,33.838,09/12/2029
1804,258,33.853,10/12/2029
1805,258,33.868,11/12/2029
1806,259,33.882,12/12/2029
1807,259,33.896,13/12/2029
1808,259,33.912,14/12/2029
1809,259,33.926,15/12/2029
1810,259,33.941,16/12/2029
1811,259,33.956,17/12/2029
1812,259,33.97,18/12/2029
1813,260,33.986,19/12/2029
1814,260,33.999,20/12/2029
1815,260,34.013,21/12/2029
1816,260,34.029,22/12/2029
1817,260,34.043,23/12/2029
1818,260,34.059,24/12/2029
1819,260,34.073,25/12/2029
1820,261,34.087,26/12/2029
1821,261,34.103,27/12/2029
1822,261,34.116,28/12/2029
1823,261,34.132,29/12/2029
1824,261,34.146,30/12/2029
1825,261,34.161,31/12/2029
1826,261,34.176,01/01/2030
1827,262,34.19,02/01/2030
1828,262,34.204,03/01/2030
1829,262,34.22,04/01/2030
1830,262,34.234,05/01/2030
1831,262,34.249,06/01/2030
1832,262,34.263,07/01/2030
1833,262,34.278,08/01/2030
1834,263,34.293,09/01/2030
1835,263,34.307,10/01/2030
1836,263,34.321,11/01/2030
1837,263,34.337,12/01/2030
1838,263,34.351,13/01/2030
1839,263,34.367,14/01/2030
1840,263,34.381,15/01/2030
1841,264,34.395,16/01/2030
1842,264,34.411,17/01/2030
1843,264,34.425,18/01/2030
1844,264,34.439,19/01/2030
1845,264,34.455,20/01/2030
1846,264,34.468,21/01/2030
1847,264,34.484,22/01/2030
1848,265,34.498,23/01/2030
1849,265,34.513,24/01/2030
1850,265,34.528,25/01/2030
1851,265,34.542,26/01/2030
1852,265,34.556,27/01/2030
1853,265,34.572,28/01/2030
1854,265,34.586,29/01/2030
1855,266,34.6,30/01/2030
1856,266,34.616,31/01/2030
1856,266,34.616,31/01/2030
1856,266,34.616,31/01/2030
1856,266,34.616,31/01/2030
1856,266,34.616,31/01/2030
1856,266,34.616,31/01/2030
1856,266,34.616,31/01/2030
1856,266,34.616,31/01/2030
1856,266,34.616,31/01/2030
1856,266,34.616,31/01/2030
1856,266,34.616,31/01/2030
1856,266,34.616,31/01/2030
1856,266,34.616,31/01/2030
1856,266,34.616,31/01/2030
1856,266,34.616,31/01/2030
1856,266,34.616,31/01/2030
1856,266,34.616,31/01/2030
1856,266,34.616,31/01/2030
1856,266,34.616,31/01/2030
1856,266,34.616,31/01/2030
1856,266,34.616,31/01/2030
1856,266,34.616,31/01/2030
1856,266,34.616,31/01/2030
1856,266,34.616,31/01/2030
1856,266,34.616,31/01/2030
1856,266,34.616,31/01/2030
1856,266,34.616,31/01/2030
1856,266,34.616,31/01/2030
1856,266,34.616,31/01/2030
1856,266,34.616,31/01/2030
1856,266,34.616,31/01/2030
1856,266,34.616,31/01/2030
1856,266,34.616,31/01/2030
1856,266,34.616,31/01/2030
1856,266,34.616,31/01/2030
1856,266,34.616,31/01/2030
1856,266,34.616,31/01/2030
1856,266,34.616,31/01/2030
1856,266,34.616,31/01/2030
1856,266,34.616,31/01/2030
1856,266,34.616,31/01/2030
1856,266,34.616,31/01/2030
1856,266,34.616,31/01/2030
1856,266,34.616,31/01/2030
1856,266,34.616,31/01/2030
1856,266,34.616,31/01/2030
1856,266,34.616,31/01/2030
1856,266,34.616,31/01/2030
1856,266,34.616,31/01/2030
1856,266,34.616,31/01/2030
1856,266,34.616,31/01/2030
1856,266,34.616,31/01/2030
1856,266,34.616,31/01/2030
1856,266,34.616,31/01/2030
1856,266,34.616,31/01/2030
1856,266,34.616,31/01/2030
1856,266,34.616,31/01/2030
1856,266,34.616,31/01/2030
1856,266,34.616,31/01/2030
1856,266,34.616,31/01/2030
1856,266,34.616,31/01/2030
1856,266,34.616,31/01/2030
1856,266,34.616,31/01/2030
1856,266,34.616,31/01/2030
1856,266,34.616,31/01/2030
1856,266,34.616,31/01/2030
1856,266,34.616,31/01/2030
1856,266,34.616,31/01/2030
1856,266,34.616,31/01/2030
1856,266,34.616,31/01/2030
1856,266,34.616,31/01/2030
1856,266,34.616,31/01/2030
1856,266,34.616,31/01/2030
1856,266,34.616,31/01/2030
1856,266,34.616,31/01/2030
1856,266,34.616,31/01/2030
1856,266,34.616,31/01/2030
1856,266,34.616,31/01/2030
1856,266,34.616,31/01/2030
1856,266,34.616,31/01/2030
1856,266,34.616,31/01/2030
1856,266,34.616,31/01/2030
1856,266,34.616,31/01/2030
1856,266,34.616,31/01/2030
1856,266,34.616,31/01/2030
1856,266,34.616,31/01/2030
1856,266,34.616,31/01/2030
1856,266,34.616,31/01/2030
1856,266,34.616,31/01/2030
1856,266,34.616,31/01/2030
1856,266,34.616,31/01/2030
1856,266,34.616,31/01/2030
1856,266,34.616,31/01/2030
1856,266,34.616,31/01/2030
1856,266,34.616,31/01/2030
1856,266,34.616,31/01/2030
1856,266,34.616,31/01/2030
1856,266,34.616,31/01/2030
1856,266,34.616,31/01/2030
1856,266,34.616,31/01/2030
1856,266,34.616,31/01/2030
1856,266,34.616,31/01/2030
1856,266,34.616,31/01/2030
1856,266,34.616,31/01/2030
1856,266,34.616,31/01/2030
1856,266,34.616,31/01/2030
1856,266,34.616,31/01/2030
1856,266,34.616,31/01/2030
1856,266,34.616,31/01/2030
1856,266,34.616,31/01/2030
1856,266,34.616,31/01/2030
1856,266,34.616,31/01/2030
1856,266,34.616,31/01/2030
1856,266,34.616,31/01/2030
1856,266,34.616,31/01/2030
1856,266,34.616,31/01/2030
1856,266,34.616,31/01/2030
1856,266,34.616,31/01/2030
1856,266,34.616,31/01/2030
1856,266,34.616,31/01/2030
1856,266,34.616,31/01/2030
1856,266,34.616,31/01/2030
1856,266,34.616,31/01/2030
1856,266,34.616,31/01/2030
1856,266,34.616,31/01/2030
1856,266,34.616,31/01/2030
1856,266,34.616,31/01/2030
1856,266,34.616,31/01/2030
1856,266,34.616,31/01/2030
1856,266,34.616,31/01/2030
1856,266,34.616,31/01/2030
1856,266,34.616,31/01/2030
1856,266,34.616,31/01/2030
1856,266,34.616,31/01/2030
1856,266,34.616,31/01/2030
1856,266,34.616,31/01/2030
1856,266,34.616,31/01/2030
1856,266,34.616,31/01/2030
1856,266,34.616,31/01/2030
