DATA ALWAYS FOR SALE,DATA ALWAYS FOR SALE,DATA ALWAYS FOR SALE,DATA ALWAYS FOR SALE
Day,SD1,Date,
DATA ALWAYS FOR SALE,DATA ALWAYS FOR SALE,DATA ALWAYS FOR SALE,
,,,
0,3.711,01/01/23,
DATA ALWAYS FOR SALE,DATA ALWAYS FOR SALE,DATA ALWAYS FOR SALE,
,,,
1,3.685,02/01/23,
2,,03/01/23,
3,3.73,04/01/23,
4,,05/01/23,
5,3.789,06/01/23,
6,,07/01/23,
7,3.853,08/01/23,
8,3.887,09/01/23,
9,,10/01/23,
10,3.957,11/01/23,
11,3.993,12/01/23,
12,4.031,13/01/23,
13,4.07,14/01/23,
14,4.11,15/01/23,
15,4.151,16/01/23,
16,4.193,17/01/23,
17,4.235,18/01/23,
18,4.278,19/01/23,
19,4.32,20/01/23,
20,4.363,21/01/23,
21,4.406,22/01/23,
22,4.448,23/01/23,
23,4.49,24/01/23,
24,4.532,25/01/23,
25,4.574,26/01/23,
26,4.616,27/01/23,
27,4.657,28/01/23,
28,4.698,29/01/23,
29,4.738,30/01/23,
30,4.778,31/01/23,
31,4.818,01/02/23,
32,4.857,02/02/23,
33,4.896,03/02/23,
34,4.935,04/02/23,
35,4.973,05/02/23,
36,5.011,06/02/23,
37,5.048,07/02/23,
38,5.085,08/02/23,
39,5.122,09/02/23,
40,5.158,10/02/23,
41,5.194,11/02/23,
42,5.229,12/02/23,
43,5.264,13/02/23,
44,5.299,14/02/23,
45,5.333,15/02/23,
46,5.367,16/02/23,
47,5.401,17/02/23,
48,5.434,18/02/23,
49,5.467,19/02/23,
50,5.5,20/02/23,
51,5.532,21/02/23,
52,5.564,22/02/23,
53,5.596,23/02/23,
54,5.627,24/02/23,
55,5.658,25/02/23,
56,5.689,26/02/23,
57,5.72,27/02/23,
58,5.75,28/02/23,
59,5.78,01/03/23,
60,5.81,02/03/23,
61,5.839,03/03/23,
62,5.868,04/03/23,
63,5.897,05/03/23,
64,5.926,06/03/23,
65,5.955,07/03/23,
66,5.983,08/03/23,
67,6.011,09/03/23,
68,6.039,10/03/23,
69,6.066,11/03/23,
70,6.094,12/03/23,
71,6.121,13/03/23,
72,6.148,14/03/23,
73,6.175,15/03/23,
74,6.201,16/03/23,
75,6.227,17/03/23,
76,6.254,18/03/23,
77,6.279,19/03/23,
78,6.305,20/03/23,
79,6.331,21/03/23,
80,6.356,22/03/23,
81,6.381,23/03/23,
82,6.406,24/03/23,
83,6.431,25/03/23,
84,6.455,26/03/23,
85,6.48,27/03/23,
86,6.504,28/03/23,
87,6.528,29/03/23,
88,6.552,30/03/23,
89,6.576,31/03/23,
90,6.599,01/04/23,
91,6.623,02/04/23,
92,6.646,03/04/23,
93,6.669,04/04/23,
94,6.692,05/04/23,
95,6.715,06/04/23,
96,6.737,07/04/23,
97,6.76,08/04/23,
98,6.782,09/04/23,
99,6.805,10/04/23,
100,6.826,11/04/23,
101,6.848,12/04/23,
102,6.87,13/04/23,
103,6.892,14/04/23,
104,6.913,15/04/23,
105,6.935,16/04/23,
106,6.956,17/04/23,
107,6.977,18/04/23,
108,6.998,19/04/23,
109,7.019,20/04/23,
110,7.039,21/04/23,
111,7.06,22/04/23,
112,7.08,23/04/23,
113,7.1,24/04/23,
114,7.12,25/04/23,
115,7.141,26/04/23,
116,7.16,27/04/23,
117,7.18,28/04/23,
118,7.2,29/04/23,
119,7.219,30/04/23,
120,7.239,01/05/23,
121,7.258,02/05/23,
122,7.277,03/05/23,
123,7.296,04/05/23,
124,7.315,05/05/23,
125,7.334,06/05/23,
126,7.352,07/05/23,
127,7.371,08/05/23,
128,7.389,09/05/23,
129,7.408,10/05/23,
130,7.426,11/05/23,
131,7.444,12/05/23,
132,7.462,13/05/23,
133,7.48,14/05/23,
134,7.497,15/05/23,
135,7.515,16/05/23,
136,7.532,17/05/23,
137,7.55,18/05/23,
138,7.567,19/05/23,
139,7.585,20/05/23,
140,7.602,21/05/23,
141,7.619,22/05/23,
142,7.635,23/05/23,
143,7.652,24/05/23,
144,7.669,25/05/23,
145,7.686,26/05/23,
146,7.702,27/05/23,
147,7.718,28/05/23,
148,7.735,29/05/23,
149,7.751,30/05/23,
150,7.767,31/05/23,
151,7.783,01/06/23,
152,7.799,02/06/23,
153,7.815,03/06/23,
154,7.831,04/06/23,
155,7.846,05/06/23,
156,7.862,06/06/23,
157,7.877,07/06/23,
158,7.893,08/06/23,
159,7.908,09/06/23,
160,7.923,10/06/23,
161,7.938,11/06/23,
162,7.954,12/06/23,
163,7.969,13/06/23,
164,7.984,14/06/23,
165,7.998,15/06/23,
166,8.013,16/06/23,
167,8.028,17/06/23,
168,8.042,18/06/23,
169,8.057,19/06/23,
170,8.072,20/06/23,
171,8.086,21/06/23,
172,8.1,22/06/23,
173,8.115,23/06/23,
174,8.129,24/06/23,
175,8.143,25/06/23,
176,8.157,26/06/23,
177,8.171,27/06/23,
178,8.185,28/06/23,
179,8.199,29/06/23,
180,8.213,30/06/23,
181,8.227,01/07/23,
182,8.24,02/07/23,
183,8.254,03/07/23,
184,8.267,04/07/23,
185,8.281,05/07/23,
186,8.295,06/07/23,
187,8.308,07/07/23,
188,8.321,08/07/23,
189,8.335,09/07/23,
190,8.348,10/07/23,
191,8.361,11/07/23,
192,8.374,12/07/23,
193,8.387,13/07/23,
194,8.4,14/07/23,
195,8.413,15/07/23,
196,8.426,16/07/23,
197,8.439,17/07/23,
198,8.452,18/07/23,
199,8.465,19/07/23,
200,8.477,20/07/23,
201,8.49,21/07/23,
202,8.503,22/07/23,
203,8.515,23/07/23,
204,8.527,24/07/23,
205,8.54,25/07/23,
206,8.552,26/07/23,
207,8.565,27/07/23,
208,8.577,28/07/23,
209,8.589,29/07/23,
210,8.601,30/07/23,
211,8.614,31/07/23,
212,8.626,01/08/23,
213,8.638,02/08/23,
214,8.65,03/08/23,
215,8.662,04/08/23,
216,8.674,05/08/23,
217,8.686,06/08/23,
218,8.698,07/08/23,
219,8.71,08/08/23,
220,8.721,09/08/23,
221,8.733,10/08/23,
222,8.745,11/08/23,
223,8.756,12/08/23,
224,8.768,13/08/23,
225,8.78,14/08/23,
226,8.791,15/08/23,
227,8.803,16/08/23,
228,8.814,17/08/23,
229,8.825,18/08/23,
230,8.837,19/08/23,
231,8.848,20/08/23,
232,8.86,21/08/23,
233,8.871,22/08/23,
234,8.882,23/08/23,
235,8.893,24/08/23,
236,8.904,25/08/23,
237,8.916,26/08/23,
238,8.927,27/08/23,
239,8.938,28/08/23,
240,8.949,29/08/23,
241,8.96,30/08/23,
242,8.971,31/08/23,
243,8.981,01/09/23,
244,8.992,02/09/23,
245,9.003,03/09/23,
246,9.014,04/09/23,
247,9.025,05/09/23,
248,9.036,06/09/23,
249,9.046,07/09/23,
250,9.057,08/09/23,
251,9.068,09/09/23,
252,9.078,10/09/23,
253,9.089,11/09/23,
254,9.099,12/09/23,
255,9.11,13/09/23,
256,9.12,14/09/23,
257,9.131,15/09/23,
258,9.141,16/09/23,
259,9.152,17/09/23,
260,9.162,18/09/23,
261,9.172,19/09/23,
262,9.182,20/09/23,
263,9.193,21/09/23,
264,9.203,22/09/23,
265,9.213,23/09/23,
266,9.223,24/09/23,
267,9.233,25/09/23,
268,9.244,26/09/23,
269,9.254,27/09/23,
270,9.264,28/09/23,
271,9.274,29/09/23,
272,9.284,30/09/23,
273,9.294,01/10/23,
274,9.304,02/10/23,
275,9.314,03/10/23,
276,9.323,04/10/23,
277,9.333,05/10/23,
278,9.343,06/10/23,
279,9.353,07/10/23,
280,9.363,08/10/23,
281,9.373,09/10/23,
282,9.382,10/10/23,
283,9.392,11/10/23,
284,9.402,12/10/23,
285,9.412,13/10/23,
286,9.421,14/10/23,
287,9.431,15/10/23,
288,9.44,16/10/23,
289,9.45,17/10/23,
290,9.46,18/10/23,
291,9.469,19/10/23,
292,9.479,20/10/23,
293,9.488,21/10/23,
294,9.498,22/10/23,
295,9.507,23/10/23,
296,9.517,24/10/23,
297,9.526,25/10/23,
298,9.535,26/10/23,
299,9.545,27/10/23,
300,9.554,28/10/23,
301,9.563,29/10/23,
302,9.573,30/10/23,
303,9.582,31/10/23,
304,9.591,01/11/23,
305,9.601,02/11/23,
306,9.61,03/11/23,
307,9.619,04/11/23,
308,9.628,05/11/23,
309,9.638,06/11/23,
310,9.647,07/11/23,
311,9.656,08/11/23,
312,9.665,09/11/23,
313,9.674,10/11/23,
314,9.683,11/11/23,
315,9.692,12/11/23,
316,9.701,13/11/23,
317,9.71,14/11/23,
318,9.72,15/11/23,
319,9.729,16/11/23,
320,9.737,17/11/23,
321,9.746,18/11/23,
322,9.756,19/11/23,
323,9.765,20/11/23,
324,9.773,21/11/23,
325,9.782,22/11/23,
326,9.791,23/11/23,
327,9.8,24/11/23,
328,9.809,25/11/23,
329,9.818,26/11/23,
330,9.827,27/11/23,
331,9.836,28/11/23,
332,9.844,29/11/23,
333,9.853,30/11/23,
334,9.862,01/12/23,
335,9.871,02/12/23,
336,9.88,03/12/23,
337,9.889,04/12/23,
338,9.897,05/12/23,
339,9.906,06/12/23,
340,9.915,07/12/23,
341,9.923,08/12/23,
342,9.932,09/12/23,
343,9.941,10/12/23,
344,9.95,11/12/23,
345,9.958,12/12/23,
346,9.967,13/12/23,
347,9.976,14/12/23,
348,9.984,15/12/23,
349,9.993,16/12/23,
350,10.001,17/12/23,
351,10.01,18/12/23,
352,10.019,19/12/23,
353,10.027,20/12/23,
354,10.036,21/12/23,
355,10.044,22/12/23,
356,10.053,23/12/23,
357,10.061,24/12/23,
358,10.07,25/12/23,
359,10.079,26/12/23,
360,10.087,27/12/23,
361,10.096,28/12/23,
362,10.104,29/12/23,
363,10.113,30/12/23,
364,10.121,31/12/23,
365,10.129,01/01/24,
366,10.138,02/01/24,
367,10.146,03/01/24,
368,10.155,04/01/24,
369,10.163,05/01/24,
370,10.172,06/01/24,
371,10.18,07/01/24,
372,10.189,08/01/24,
373,10.197,09/01/24,
374,10.205,10/01/24,
375,10.214,11/01/24,
376,10.222,12/01/24,
377,10.23,13/01/24,
378,10.239,14/01/24,
379,10.247,15/01/24,
380,10.256,16/01/24,
381,10.264,17/01/24,
382,10.272,18/01/24,
383,10.281,19/01/24,
384,10.289,20/01/24,
385,10.297,21/01/24,
386,10.305,22/01/24,
387,10.314,23/01/24,
388,10.322,24/01/24,
389,10.33,25/01/24,
390,10.339,26/01/24,
391,10.347,27/01/24,
392,10.355,28/01/24,
393,10.363,29/01/24,
394,10.372,30/01/24,
395,10.38,31/01/24,
396,10.388,01/02/24,
397,10.396,02/02/24,
398,10.405,03/02/24,
399,10.413,04/02/24,
400,10.421,05/02/24,
401,10.429,06/02/24,
402,10.437,07/02/24,
403,10.446,08/02/24,
404,10.454,09/02/24,
405,10.462,10/02/24,
406,10.47,11/02/24,
407,10.478,12/02/24,
408,10.486,13/02/24,
409,10.495,14/02/24,
410,10.503,15/02/24,
411,10.511,16/02/24,
412,10.519,17/02/24,
413,10.527,18/02/24,
414,10.535,19/02/24,
415,10.543,20/02/24,
416,10.552,21/02/24,
417,10.56,22/02/24,
418,10.568,23/02/24,
419,10.576,24/02/24,
420,10.584,25/02/24,
421,10.592,26/02/24,
422,10.6,27/02/24,
423,10.608,28/02/24,
424,10.616,29/02/24,
425,10.624,01/03/24,
426,10.633,02/03/24,
427,10.641,03/03/24,
428,10.649,04/03/24,
429,10.657,05/03/24,
430,10.665,06/03/24,
431,10.673,07/03/24,
432,10.681,08/03/24,
433,10.689,09/03/24,
434,10.697,10/03/24,
435,10.705,11/03/24,
436,10.713,12/03/24,
437,10.721,13/03/24,
438,10.729,14/03/24,
439,10.737,15/03/24,
440,10.745,16/03/24,
441,10.753,17/03/24,
442,10.761,18/03/24,
443,10.769,19/03/24,
444,10.777,20/03/24,
445,10.785,21/03/24,
446,10.793,22/03/24,
447,10.801,23/03/24,
448,10.809,24/03/24,
449,10.817,25/03/24,
450,10.825,26/03/24,
451,10.833,27/03/24,
452,10.841,28/03/24,
453,10.849,29/03/24,
454,10.857,30/03/24,
455,10.865,31/03/24,
456,10.873,01/04/24,
457,10.881,02/04/24,
458,10.889,03/04/24,
459,10.897,04/04/24,
460,10.905,05/04/24,
461,10.913,06/04/24,
462,10.92,07/04/24,
463,10.928,08/04/24,
464,10.936,09/04/24,
465,10.944,10/04/24,
466,10.952,11/04/24,
467,10.96,12/04/24,
468,10.968,13/04/24,
469,10.976,14/04/24,
470,10.984,15/04/24,
471,10.992,16/04/24,
472,11,17/04/24,
473,11.008,18/04/24,
474,11.016,19/04/24,
475,11.023,20/04/24,
476,11.031,21/04/24,
477,11.039,22/04/24,
478,11.047,23/04/24,
479,11.055,24/04/24,
480,11.063,25/04/24,
481,11.071,26/04/24,
482,11.079,27/04/24,
483,11.087,28/04/24,
484,11.095,29/04/24,
485,11.102,30/04/24,
486,11.11,01/05/24,
487,11.118,02/05/24,
488,11.126,03/05/24,
489,11.134,04/05/24,
490,11.142,05/05/24,
491,11.15,06/05/24,
492,11.158,07/05/24,
493,11.165,08/05/24,
494,11.173,09/05/24,
495,11.181,10/05/24,
496,11.189,11/05/24,
497,11.197,12/05/24,
498,11.205,13/05/24,
499,11.213,14/05/24,
500,11.221,15/05/24,
501,11.228,16/05/24,
502,11.236,17/05/24,
503,11.244,18/05/24,
504,11.252,19/05/24,
505,11.26,20/05/24,
506,11.268,21/05/24,
507,11.276,22/05/24,
508,11.283,23/05/24,
509,11.291,24/05/24,
510,11.299,25/05/24,
511,11.307,26/05/24,
512,11.315,27/05/24,
513,11.323,28/05/24,
514,11.331,29/05/24,
515,11.338,30/05/24,
516,11.346,31/05/24,
517,11.354,01/06/24,
518,11.362,02/06/24,
519,11.37,03/06/24,
520,11.378,04/06/24,
521,11.385,05/06/24,
522,11.393,06/06/24,
523,11.401,07/06/24,
524,11.409,08/06/24,
525,11.417,09/06/24,
526,11.425,10/06/24,
527,11.432,11/06/24,
528,11.44,12/06/24,
529,11.448,13/06/24,
530,11.456,14/06/24,
531,11.464,15/06/24,
532,11.471,16/06/24,
533,11.479,17/06/24,
534,11.487,18/06/24,
535,11.495,19/06/24,
536,11.503,20/06/24,
537,11.511,21/06/24,
538,11.518,22/06/24,
539,11.526,23/06/24,
540,11.534,24/06/24,
541,11.542,25/06/24,
542,11.55,26/06/24,
543,11.557,27/06/24,
544,11.565,28/06/24,
545,11.573,29/06/24,
546,11.581,30/06/24,
547,11.589,01/07/24,
548,11.596,02/07/24,
549,11.604,03/07/24,
550,11.612,04/07/24,
551,11.62,05/07/24,
552,11.628,06/07/24,
553,11.635,07/07/24,
554,11.643,08/07/24,
555,11.651,09/07/24,
556,11.659,10/07/24,
557,11.666,11/07/24,
558,11.674,12/07/24,
559,11.682,13/07/24,
560,11.69,14/07/24,
561,11.698,15/07/24,
562,11.705,16/07/24,
563,11.713,17/07/24,
564,11.721,18/07/24,
565,11.729,19/07/24,
566,11.737,20/07/24,
567,11.744,21/07/24,
568,11.752,22/07/24,
569,11.76,23/07/24,
570,11.768,24/07/24,
571,11.775,25/07/24,
572,11.783,26/07/24,
573,11.791,27/07/24,
574,11.799,28/07/24,
575,11.807,29/07/24,
576,11.814,30/07/24,
577,11.822,31/07/24,
578,11.83,01/08/24,
579,11.838,02/08/24,
580,11.845,03/08/24,
581,11.853,04/08/24,
582,11.861,05/08/24,
583,11.869,06/08/24,
584,11.876,07/08/24,
585,11.884,08/08/24,
586,11.892,09/08/24,
587,11.9,10/08/24,
588,11.907,11/08/24,
589,11.915,12/08/24,
590,11.923,13/08/24,
591,11.931,14/08/24,
592,11.939,15/08/24,
593,11.946,16/08/24,
594,11.954,17/08/24,
595,11.962,18/08/24,
596,11.97,19/08/24,
597,11.977,20/08/24,
598,11.985,21/08/24,
599,11.993,22/08/24,
600,12.001,23/08/24,
601,12.008,24/08/24,
602,12.016,25/08/24,
603,12.024,26/08/24,
604,12.032,27/08/24,
605,12.039,28/08/24,
606,12.047,29/08/24,
607,12.055,30/08/24,
608,12.063,31/08/24,
609,12.071,01/09/24,
610,12.078,02/09/24,
611,12.086,03/09/24,
612,12.094,04/09/24,
613,12.102,05/09/24,
614,12.109,06/09/24,
615,12.117,07/09/24,
616,12.125,08/09/24,
617,12.133,09/09/24,
618,12.14,10/09/24,
619,12.148,11/09/24,
620,12.156,12/09/24,
621,12.164,13/09/24,
622,12.171,14/09/24,
623,12.179,15/09/24,
624,12.187,16/09/24,
625,12.195,17/09/24,
626,12.203,18/09/24,
627,12.21,19/09/24,
628,12.218,20/09/24,
629,12.226,21/09/24,
630,12.234,22/09/24,
631,12.242,23/09/24,
632,12.249,24/09/24,
633,12.257,25/09/24,
634,12.265,26/09/24,
635,12.273,27/09/24,
636,12.28,28/09/24,
637,12.288,29/09/24,
638,12.296,30/09/24,
639,12.304,01/10/24,
640,12.312,02/10/24,
641,12.319,03/10/24,
642,12.327,04/10/24,
643,12.335,05/10/24,
644,12.343,06/10/24,
645,12.35,07/10/24,
646,12.358,08/10/24,
647,12.366,09/10/24,
648,12.374,10/10/24,
649,12.382,11/10/24,
650,12.389,12/10/24,
651,12.397,13/10/24,
652,12.405,14/10/24,
653,12.413,15/10/24,
654,12.421,16/10/24,
655,12.428,17/10/24,
656,12.436,18/10/24,
657,12.444,19/10/24,
658,12.452,20/10/24,
659,12.46,21/10/24,
660,12.467,22/10/24,
661,12.475,23/10/24,
662,12.483,24/10/24,
663,12.491,25/10/24,
664,12.499,26/10/24,
665,12.507,27/10/24,
666,12.514,28/10/24,
667,12.522,29/10/24,
668,12.53,30/10/24,
669,12.538,31/10/24,
670,12.546,01/11/24,
671,12.554,02/11/24,
672,12.561,03/11/24,
673,12.569,04/11/24,
674,12.577,05/11/24,
675,12.585,06/11/24,
676,12.593,07/11/24,
677,12.601,08/11/24,
678,12.608,09/11/24,
679,12.616,10/11/24,
680,12.624,11/11/24,
681,12.632,12/11/24,
682,12.64,13/11/24,
683,12.648,14/11/24,
684,12.655,15/11/24,
685,12.663,16/11/24,
686,12.671,17/11/24,
687,12.679,18/11/24,
688,12.687,19/11/24,
689,12.695,20/11/24,
690,12.702,21/11/24,
691,12.71,22/11/24,
692,12.718,23/11/24,
693,12.726,24/11/24,
694,12.734,25/11/24,
695,12.742,26/11/24,
696,12.75,27/11/24,
697,12.758,28/11/24,
698,12.765,29/11/24,
699,12.773,30/11/24,
700,12.781,01/12/24,
701,12.789,02/12/24,
702,12.797,03/12/24,
703,12.805,04/12/24,
704,12.813,05/12/24,
705,12.82,06/12/24,
706,12.828,07/12/24,
707,12.836,08/12/24,
708,12.844,09/12/24,
709,12.852,10/12/24,
710,12.86,11/12/24,
711,12.868,12/12/24,
712,12.876,13/12/24,
713,12.883,14/12/24,
714,12.891,15/12/24,
715,12.899,16/12/24,
716,12.907,17/12/24,
717,12.915,18/12/24,
718,12.923,19/12/24,
719,12.931,20/12/24,
720,12.939,21/12/24,
721,12.946,22/12/24,
722,12.954,23/12/24,
723,12.962,24/12/24,
724,12.97,25/12/24,
725,12.978,26/12/24,
726,12.986,27/12/24,
727,12.994,28/12/24,
728,13.002,29/12/24,
729,13.01,30/12/24,
730,13.018,31/12/24,
731,13.025,01/01/25,
732,13.033,02/01/25,
733,13.041,03/01/25,
734,13.049,04/01/25,
735,13.057,05/01/25,
736,13.065,06/01/25,
737,13.073,07/01/25,
738,13.081,08/01/25,
739,13.089,09/01/25,
740,13.097,10/01/25,
741,13.105,11/01/25,
742,13.112,12/01/25,
743,13.12,13/01/25,
744,13.128,14/01/25,
745,13.136,15/01/25,
746,13.144,16/01/25,
747,13.152,17/01/25,
748,13.16,18/01/25,
749,13.168,19/01/25,
750,13.176,20/01/25,
751,13.184,21/01/25,
752,13.191,22/01/25,
753,13.199,23/01/25,
754,13.207,24/01/25,
755,13.215,25/01/25,
756,13.223,26/01/25,
757,13.231,27/01/25,
758,13.239,28/01/25,
759,13.247,29/01/25,
760,13.255,30/01/25,
761,13.263,31/01/25,
762,13.271,01/02/25,
763,13.278,02/02/25,
764,13.286,03/02/25,
765,13.294,04/02/25,
766,13.302,05/02/25,
767,13.31,06/02/25,
768,13.318,07/02/25,
769,13.326,08/02/25,
770,13.334,09/02/25,
771,13.342,10/02/25,
772,13.35,11/02/25,
773,13.357,12/02/25,
774,13.365,13/02/25,
775,13.373,14/02/25,
776,13.381,15/02/25,
777,13.389,16/02/25,
778,13.397,17/02/25,
779,13.405,18/02/25,
780,13.413,19/02/25,
781,13.421,20/02/25,
782,13.429,21/02/25,
783,13.437,22/02/25,
784,13.444,23/02/25,
785,13.452,24/02/25,
786,13.46,25/02/25,
787,13.468,26/02/25,
788,13.476,27/02/25,
789,13.484,28/02/25,
790,13.492,01/03/25,
791,13.5,02/03/25,
792,13.508,03/03/25,
793,13.515,04/03/25,
794,13.523,05/03/25,
795,13.531,06/03/25,
796,13.539,07/03/25,
797,13.547,08/03/25,
798,13.555,09/03/25,
799,13.563,10/03/25,
800,13.571,11/03/25,
801,13.579,12/03/25,
802,13.586,13/03/25,
803,13.594,14/03/25,
804,13.602,15/03/25,
805,13.61,16/03/25,
806,13.618,17/03/25,
807,13.626,18/03/25,
808,13.634,19/03/25,
809,13.641,20/03/25,
810,13.649,21/03/25,
811,13.657,22/03/25,
812,13.665,23/03/25,
813,13.673,24/03/25,
814,13.681,25/03/25,
815,13.689,26/03/25,
816,13.697,27/03/25,
817,13.705,28/03/25,
818,13.712,29/03/25,
819,13.72,30/03/25,
820,13.728,31/03/25,
821,13.736,01/04/25,
822,13.744,02/04/25,
823,13.752,03/04/25,
824,13.759,04/04/25,
825,13.767,05/04/25,
826,13.775,06/04/25,
827,13.783,07/04/25,
828,13.791,08/04/25,
829,13.798,09/04/25,
830,13.806,10/04/25,
831,13.814,11/04/25,
832,13.822,12/04/25,
833,13.83,13/04/25,
834,13.838,14/04/25,
835,13.845,15/04/25,
836,13.853,16/04/25,
837,13.861,17/04/25,
838,13.869,18/04/25,
839,13.877,19/04/25,
840,13.884,20/04/25,
841,13.892,21/04/25,
842,13.9,22/04/25,
843,13.908,23/04/25,
844,13.916,24/04/25,
845,13.923,25/04/25,
846,13.931,26/04/25,
847,13.939,27/04/25,
848,13.946,28/04/25,
849,13.954,29/04/25,
850,13.962,30/04/25,
851,13.97,01/05/25,
852,13.978,02/05/25,
853,13.985,03/05/25,
854,13.993,04/05/25,
855,14.001,05/05/25,
856,14.009,06/05/25,
857,14.016,07/05/25,
858,14.024,08/05/25,
859,14.032,09/05/25,
860,14.04,10/05/25,
861,14.047,11/05/25,
862,14.055,12/05/25,
863,14.063,13/05/25,
864,14.071,14/05/25,
865,14.078,15/05/25,
866,14.086,16/05/25,
867,14.094,17/05/25,
868,14.101,18/05/25,
869,14.109,19/05/25,
870,14.117,20/05/25,
871,14.125,21/05/25,
872,14.132,22/05/25,
873,14.14,23/05/25,
874,14.147,24/05/25,
875,14.155,25/05/25,
876,14.163,26/05/25,
877,14.171,27/05/25,
878,14.178,28/05/25,
879,14.186,29/05/25,
880,14.194,30/05/25,
881,14.201,31/05/25,
882,14.209,01/06/25,
883,14.217,02/06/25,
884,14.224,03/06/25,
885,14.232,04/06/25,
886,14.24,05/06/25,
887,14.247,06/06/25,
888,14.255,07/06/25,
889,14.263,08/06/25,
890,14.27,09/06/25,
891,14.278,10/06/25,
892,14.286,11/06/25,
893,14.293,12/06/25,
894,14.301,13/06/25,
895,14.308,14/06/25,
896,14.316,15/06/25,
897,14.324,16/06/25,
898,14.331,17/06/25,
899,14.339,18/06/25,
900,14.346,19/06/25,
901,14.354,20/06/25,
902,14.362,21/06/25,
903,14.369,22/06/25,
904,14.377,23/06/25,
905,14.384,24/06/25,
906,14.392,25/06/25,
907,14.4,26/06/25,
908,14.407,27/06/25,
909,14.415,28/06/25,
910,14.423,29/06/25,
911,14.43,30/06/25,
912,14.438,01/07/25,
913,14.445,02/07/25,
914,14.453,03/07/25,
915,14.46,04/07/25,
916,14.468,05/07/25,
917,14.475,06/07/25,
918,14.483,07/07/25,
919,14.491,08/07/25,
920,14.498,09/07/25,
921,14.506,10/07/25,
922,14.513,11/07/25,
923,14.521,12/07/25,
924,14.528,13/07/25,
925,14.536,14/07/25,
926,14.543,15/07/25,
927,14.551,16/07/25,
928,14.558,17/07/25,
929,14.566,18/07/25,
930,14.573,19/07/25,
931,14.581,20/07/25,
932,14.588,21/07/25,
933,14.596,22/07/25,
934,14.603,23/07/25,
935,14.611,24/07/25,
936,14.619,25/07/25,
937,14.626,26/07/25,
938,14.634,27/07/25,
939,14.641,28/07/25,
940,14.649,29/07/25,
941,14.656,30/07/25,
942,14.664,31/07/25,
943,14.671,01/08/25,
944,14.678,02/08/25,
945,14.686,03/08/25,
946,14.693,04/08/25,
947,14.701,05/08/25,
948,14.708,06/08/25,
949,14.716,07/08/25,
950,14.723,08/08/25,
951,14.731,09/08/25,
952,14.738,10/08/25,
953,14.746,11/08/25,
954,14.753,12/08/25,
955,14.761,13/08/25,
956,14.768,14/08/25,
957,14.776,15/08/25,
958,14.783,16/08/25,
959,14.791,17/08/25,
960,14.798,18/08/25,
961,14.805,19/08/25,
962,14.813,20/08/25,
963,14.82,21/08/25,
964,14.828,22/08/25,
965,14.835,23/08/25,
966,14.843,24/08/25,
967,14.85,25/08/25,
968,14.858,26/08/25,
969,14.865,27/08/25,
970,14.872,28/08/25,
971,14.88,29/08/25,
972,14.887,30/08/25,
973,14.895,31/08/25,
974,14.902,01/09/25,
975,14.91,02/09/25,
976,14.917,03/09/25,
977,14.924,04/09/25,
978,14.932,05/09/25,
979,14.939,06/09/25,
980,14.947,07/09/25,
981,14.954,08/09/25,
982,14.962,09/09/25,
983,14.969,10/09/25,
984,14.976,11/09/25,
985,14.984,12/09/25,
986,14.991,13/09/25,
987,14.999,14/09/25,
988,15.006,15/09/25,
989,15.013,16/09/25,
990,15.021,17/09/25,
991,15.028,18/09/25,
992,15.036,19/09/25,
993,15.043,20/09/25,
994,15.051,21/09/25,
995,15.058,22/09/25,
996,15.065,23/09/25,
997,15.073,24/09/25,
998,15.08,25/09/25,
999,15.088,26/09/25,
1000,15.095,27/09/25,
1001,15.102,28/09/25,
1002,15.11,29/09/25,
1003,15.117,30/09/25,
1004,15.125,01/10/25,
1005,15.132,02/10/25,
1006,15.139,03/10/25,
1007,15.147,04/10/25,
1008,15.154,05/10/25,
1009,15.161,06/10/25,
1010,15.169,07/10/25,
1011,15.176,08/10/25,
1012,15.184,09/10/25,
1013,15.191,10/10/25,
1014,15.198,11/10/25,
1015,15.206,12/10/25,
1016,15.213,13/10/25,
1017,15.221,14/10/25,
1018,15.228,15/10/25,
1019,15.235,16/10/25,
1020,15.243,17/10/25,
1021,15.25,18/10/25,
1022,15.258,19/10/25,
1023,15.265,20/10/25,
1024,15.272,21/10/25,
1025,15.28,22/10/25,
1026,15.287,23/10/25,
1027,15.295,24/10/25,
1028,15.302,25/10/25,
1029,15.309,26/10/25,
1030,15.317,27/10/25,
1031,15.324,28/10/25,
1032,15.332,29/10/25,
1033,15.339,30/10/25,
1034,15.346,31/10/25,
1035,15.354,01/11/25,
1036,15.361,02/11/25,
1037,15.369,03/11/25,
1038,15.376,04/11/25,
1039,15.383,05/11/25,
1040,15.391,06/11/25,
1041,15.398,07/11/25,
1042,15.406,08/11/25,
1043,15.413,09/11/25,
1044,15.42,10/11/25,
1045,15.428,11/11/25,
1046,15.435,12/11/25,
1047,15.443,13/11/25,
1048,15.45,14/11/25,
1049,15.457,15/11/25,
1050,15.465,16/11/25,
1051,15.472,17/11/25,
1052,15.479,18/11/25,
1053,15.487,19/11/25,
1054,15.494,20/11/25,
1055,15.502,21/11/25,
1056,15.509,22/11/25,
1057,15.516,23/11/25,
1058,15.524,24/11/25,
1059,15.531,25/11/25,
1060,15.539,26/11/25,
1061,15.546,27/11/25,
1062,15.553,28/11/25,
1063,15.561,29/11/25,
1064,15.568,30/11/25,
1065,15.576,01/12/25,
1066,15.583,02/12/25,
1067,15.59,03/12/25,
1068,15.598,04/12/25,
1069,15.605,05/12/25,
1070,15.613,06/12/25,
1071,15.62,07/12/25,
1072,15.628,08/12/25,
1073,15.635,09/12/25,
1074,15.642,10/12/25,
1075,15.65,11/12/25,
1076,15.657,12/12/25,
1077,15.665,13/12/25,
1078,15.672,14/12/25,
1079,15.679,15/12/25,
1080,15.687,16/12/25,
1081,15.694,17/12/25,
1082,15.702,18/12/25,
1083,15.709,19/12/25,
1084,15.717,20/12/25,
1085,15.724,21/12/25,
1086,15.731,22/12/25,
1087,15.739,23/12/25,
1088,15.746,24/12/25,
1089,15.754,25/12/25,
1090,15.761,26/12/25,
1091,15.768,27/12/25,
1092,15.776,28/12/25,
1093,15.783,29/12/25,
1094,15.791,30/12/25,
1095,15.798,31/12/25,
1096,15.806,01/01/26,
1097,15.813,02/01/26,
1098,15.82,03/01/26,
1099,15.828,04/01/26,
1100,15.835,05/01/26,
1101,15.843,06/01/26,
1102,15.85,07/01/26,
1103,15.858,08/01/26,
1104,15.865,09/01/26,
1105,15.873,10/01/26,
1106,15.88,11/01/26,
1107,15.887,12/01/26,
1108,15.895,13/01/26,
1109,15.902,14/01/26,
1110,15.91,15/01/26,
1111,15.917,16/01/26,
1112,15.924,17/01/26,
1113,15.932,18/01/26,
1114,15.939,19/01/26,
1115,15.947,20/01/26,
1116,15.954,21/01/26,
1117,15.962,22/01/26,
1118,15.969,23/01/26,
1119,15.977,24/01/26,
1120,15.984,25/01/26,
1121,15.991,26/01/26,
1122,15.999,27/01/26,
1123,16.006,28/01/26,
1124,16.014,29/01/26,
1125,16.021,30/01/26,
1126,16.029,31/01/26,
1127,16.036,01/02/26,
1128,16.044,02/02/26,
1129,16.051,03/02/26,
1130,16.058,04/02/26,
1131,16.066,05/02/26,
1132,16.073,06/02/26,
1133,16.081,07/02/26,
1134,16.088,08/02/26,
1135,16.096,09/02/26,
1136,16.103,10/02/26,
1137,16.111,11/02/26,
1138,16.118,12/02/26,
1139,16.126,13/02/26,
1140,16.133,14/02/26,
1141,16.14,15/02/26,
1142,16.148,16/02/26,
1143,16.156,17/02/26,
1144,16.163,18/02/26,
1145,16.17,19/02/26,
1146,16.178,20/02/26,
1147,16.185,21/02/26,
1148,16.193,22/02/26,
1149,16.2,23/02/26,
1150,16.208,24/02/26,
1151,16.215,25/02/26,
1152,16.223,26/02/26,
1153,16.23,27/02/26,
1154,16.238,28/02/26,
1155,16.245,01/03/26,
1156,16.252,02/03/26,
1157,16.26,03/03/26,
1158,16.267,04/03/26,
1159,16.275,05/03/26,
1160,16.282,06/03/26,
1161,16.29,07/03/26,
1162,16.297,08/03/26,
1163,16.305,09/03/26,
1164,16.312,10/03/26,
1165,16.32,11/03/26,
1166,16.327,12/03/26,
1167,16.335,13/03/26,
1168,16.342,14/03/26,
1169,16.35,15/03/26,
1170,16.357,16/03/26,
1171,16.365,17/03/26,
1172,16.372,18/03/26,
1173,16.379,19/03/26,
1174,16.387,20/03/26,
1175,16.394,21/03/26,
1176,16.402,22/03/26,
1177,16.409,23/03/26,
1178,16.417,24/03/26,
1179,16.424,25/03/26,
1180,16.432,26/03/26,
1181,16.439,27/03/26,
1182,16.447,28/03/26,
1183,16.454,29/03/26,
1184,16.462,30/03/26,
1185,16.469,31/03/26,
1186,16.477,01/04/26,
1187,16.484,02/04/26,
1188,16.492,03/04/26,
1189,16.499,04/04/26,
1190,16.507,05/04/26,
1191,16.514,06/04/26,
1192,16.522,07/04/26,
1193,16.529,08/04/26,
1194,16.536,09/04/26,
1195,16.544,10/04/26,
1196,16.551,11/04/26,
1197,16.559,12/04/26,
1198,16.566,13/04/26,
1199,16.574,14/04/26,
1200,16.581,15/04/26,
1201,16.589,16/04/26,
1202,16.596,17/04/26,
1203,16.604,18/04/26,
1204,16.611,19/04/26,
1205,16.619,20/04/26,
1206,16.626,21/04/26,
1207,16.634,22/04/26,
1208,16.641,23/04/26,
1209,16.649,24/04/26,
1210,16.656,25/04/26,
1211,16.664,26/04/26,
1212,16.671,27/04/26,
1213,16.679,28/04/26,
1214,16.686,29/04/26,
1215,16.694,30/04/26,
1216,16.701,01/05/26,
1217,16.708,02/05/26,
1218,16.716,03/05/26,
1219,16.724,04/05/26,
1220,16.731,05/05/26,
1221,16.739,06/05/26,
1222,16.746,07/05/26,
1223,16.753,08/05/26,
1224,16.761,09/05/26,
1225,16.768,10/05/26,
1226,16.776,11/05/26,
1227,16.783,12/05/26,
1228,16.791,13/05/26,
1229,16.798,14/05/26,
1230,16.806,15/05/26,
1231,16.813,16/05/26,
1232,16.821,17/05/26,
1233,16.828,18/05/26,
1234,16.836,19/05/26,
1235,16.843,20/05/26,
1236,16.851,21/05/26,
1237,16.858,22/05/26,
1238,16.866,23/05/26,
1239,16.873,24/05/26,
1240,16.881,25/05/26,
1241,16.888,26/05/26,
1242,16.896,27/05/26,
1243,16.903,28/05/26,
1244,16.911,29/05/26,
1245,16.918,30/05/26,
1246,16.925,31/05/26,
1247,16.933,01/06/26,
1248,16.941,02/06/26,
1249,16.948,03/06/26,
1250,16.955,04/06/26,
1251,16.963,05/06/26,
1252,16.97,06/06/26,
1253,16.978,07/06/26,
1254,16.985,08/06/26,
1255,16.993,09/06/26,
1256,17,10/06/26,
1257,17.008,11/06/26,
1258,17.015,12/06/26,
1259,17.023,13/06/26,
1260,17.03,14/06/26,
1261,17.038,15/06/26,
1262,17.045,16/06/26,
1263,17.053,17/06/26,
1264,17.06,18/06/26,
1265,17.067,19/06/26,
1266,17.075,20/06/26,
1267,17.082,21/06/26,
1268,17.09,22/06/26,
1269,17.097,23/06/26,
1270,17.105,24/06/26,
1271,17.112,25/06/26,
1272,17.12,26/06/26,
1273,17.127,27/06/26,
1274,17.135,28/06/26,
1275,17.142,29/06/26,
1276,17.15,30/06/26,
1277,17.157,01/07/26,
1278,17.165,02/07/26,
1279,17.172,03/07/26,
1280,17.18,04/07/26,
1281,17.187,05/07/26,
1282,17.195,06/07/26,
1283,17.202,07/07/26,
1284,17.209,08/07/26,
1285,17.217,09/07/26,
1286,17.224,10/07/26,
1287,17.232,11/07/26,
1288,17.239,12/07/26,
1289,17.247,13/07/26,
1290,17.254,14/07/26,
1291,17.262,15/07/26,
1292,17.269,16/07/26,
1293,17.277,17/07/26,
1294,17.284,18/07/26,
1295,17.292,19/07/26,
1296,17.299,20/07/26,
1297,17.306,21/07/26,
1298,17.314,22/07/26,
1299,17.321,23/07/26,
1300,17.329,24/07/26,
1301,17.336,25/07/26,
1302,17.344,26/07/26,
1303,17.351,27/07/26,
1304,17.359,28/07/26,
1305,17.366,29/07/26,
1306,17.374,30/07/26,
1307,17.381,31/07/26,
1308,17.389,01/08/26,
1309,17.396,02/08/26,
1310,17.403,03/08/26,
1311,17.411,04/08/26,
1312,17.418,05/08/26,
1313,17.426,06/08/26,
1314,17.433,07/08/26,
1315,17.441,08/08/26,
1316,17.448,09/08/26,
1317,17.456,10/08/26,
1318,17.463,11/08/26,
1319,17.47,12/08/26,
1320,17.478,13/08/26,
1321,17.485,14/08/26,
1322,17.493,15/08/26,
1323,17.5,16/08/26,
1324,17.508,17/08/26,
1325,17.515,18/08/26,
1326,17.523,19/08/26,
1327,17.53,20/08/26,
1328,17.538,21/08/26,
1329,17.545,22/08/26,
1330,17.552,23/08/26,
1331,17.56,24/08/26,
1332,17.567,25/08/26,
1333,17.575,26/08/26,
1334,17.582,27/08/26,
1335,17.59,28/08/26,
1336,17.597,29/08/26,
1337,17.605,30/08/26,
1338,17.612,31/08/26,
1339,17.619,01/09/26,
1340,17.627,02/09/26,
1341,17.634,03/09/26,
1342,17.642,04/09/26,
1343,17.649,05/09/26,
1344,17.657,06/09/26,
1345,17.664,07/09/26,
1346,17.672,08/09/26,
1347,17.679,09/09/26,
1348,17.686,10/09/26,
1349,17.694,11/09/26,
1350,17.701,12/09/26,
1351,17.709,13/09/26,
1352,17.716,14/09/26,
1353,17.724,15/09/26,
1354,17.731,16/09/26,
1355,17.738,17/09/26,
1356,17.746,18/09/26,
1357,17.753,19/09/26,
1358,17.761,20/09/26,
1359,17.768,21/09/26,
1360,17.776,22/09/26,
1361,17.783,23/09/26,
1362,17.791,24/09/26,
1363,17.798,25/09/26,
1364,17.805,26/09/26,
1365,17.813,27/09/26,
1366,17.82,28/09/26,
1367,17.828,29/09/26,
1368,17.835,30/09/26,
1369,17.843,01/10/26,
1370,17.85,02/10/26,
1371,17.857,03/10/26,
1372,17.865,04/10/26,
1373,17.872,05/10/26,
1374,17.88,06/10/26,
1375,17.887,07/10/26,
1376,17.895,08/10/26,
1377,17.902,09/10/26,
1378,17.91,10/10/26,
1379,17.917,11/10/26,
1380,17.924,12/10/26,
1381,17.932,13/10/26,
1382,17.939,14/10/26,
1383,17.947,15/10/26,
1384,17.954,16/10/26,
1385,17.961,17/10/26,
1386,17.969,18/10/26,
1387,17.976,19/10/26,
1388,17.984,20/10/26,
1389,17.991,21/10/26,
1390,17.999,22/10/26,
1391,18.006,23/10/26,
1392,18.013,24/10/26,
1393,18.021,25/10/26,
1394,18.028,26/10/26,
1395,18.036,27/10/26,
1396,18.043,28/10/26,
1397,18.051,29/10/26,
1398,18.058,30/10/26,
1399,18.065,31/10/26,
1400,18.073,01/11/26,
1401,18.08,02/11/26,
1402,18.088,03/11/26,
1403,18.095,04/11/26,
1404,18.102,05/11/26,
1405,18.11,06/11/26,
1406,18.117,07/11/26,
1407,18.125,08/11/26,
1408,18.132,09/11/26,
1409,18.139,10/11/26,
1410,18.147,11/11/26,
1411,18.154,12/11/26,
1412,18.162,13/11/26,
1413,18.169,14/11/26,
1414,18.177,15/11/26,
1415,18.184,16/11/26,
1416,18.192,17/11/26,
1417,18.199,18/11/26,
1418,18.206,19/11/26,
1419,18.214,20/11/26,
1420,18.221,21/11/26,
1421,18.229,22/11/26,
1422,18.236,23/11/26,
1423,18.243,24/11/26,
1424,18.251,25/11/26,
1425,18.258,26/11/26,
1426,18.266,27/11/26,
1427,18.273,28/11/26,
1428,18.28,29/11/26,
1429,18.288,30/11/26,
1430,18.295,01/12/26,
1431,18.303,02/12/26,
1432,18.31,03/12/26,
1433,18.318,04/12/26,
1434,18.325,05/12/26,
1435,18.332,06/12/26,
1436,18.34,07/12/26,
1437,18.347,08/12/26,
1438,18.355,09/12/26,
1439,18.362,10/12/26,
1440,18.369,11/12/26,
1441,18.377,12/12/26,
1442,18.384,13/12/26,
1443,18.392,14/12/26,
1444,18.399,15/12/26,
1445,18.406,16/12/26,
1446,18.414,17/12/26,
1447,18.421,18/12/26,
1448,18.429,19/12/26,
1449,18.436,20/12/26,
1450,18.444,21/12/26,
1451,18.451,22/12/26,
1452,18.458,23/12/26,
1453,18.466,24/12/26,
1454,18.473,25/12/26,
1455,18.481,26/12/26,
1456,18.488,27/12/26,
1457,18.495,28/12/26,
1458,18.503,29/12/26,
1459,18.51,30/12/26,
1460,18.518,31/12/26,
1461,18.525,01/01/27,
1462,18.532,02/01/27,
1463,18.54,03/01/27,
1464,18.547,04/01/27,
1465,18.555,05/01/27,
1466,18.562,06/01/27,
1467,18.57,07/01/27,
1468,18.577,08/01/27,
1469,18.585,09/01/27,
1470,18.592,10/01/27,
1471,18.599,11/01/27,
1472,18.607,12/01/27,
1473,18.614,13/01/27,
1474,18.621,14/01/27,
1475,18.629,15/01/27,
1476,18.636,16/01/27,
1477,18.644,17/01/27,
1478,18.651,18/01/27,
1479,18.659,19/01/27,
1480,18.666,20/01/27,
1481,18.673,21/01/27,
1482,18.681,22/01/27,
1483,18.688,23/01/27,
1484,18.696,24/01/27,
1485,18.703,25/01/27,
1486,18.71,26/01/27,
1487,18.718,27/01/27,
1488,18.725,28/01/27,
1489,18.733,29/01/27,
1490,18.74,30/01/27,
1491,18.748,31/01/27,
1492,18.755,01/02/27,
1493,18.762,02/02/27,
1494,18.77,03/02/27,
1495,18.777,04/02/27,
1496,18.785,05/02/27,
1497,18.792,06/02/27,
1498,18.799,07/02/27,
1499,18.807,08/02/27,
1500,18.814,09/02/27,
1501,18.822,10/02/27,
1502,18.829,11/02/27,
1503,18.837,12/02/27,
1504,18.844,13/02/27,
1505,18.851,14/02/27,
1506,18.859,15/02/27,
1507,18.866,16/02/27,
1508,18.874,17/02/27,
1509,18.881,18/02/27,
1510,18.889,19/02/27,
1511,18.896,20/02/27,
1512,18.903,21/02/27,
1513,18.911,22/02/27,
1514,18.918,23/02/27,
1515,18.926,24/02/27,
1516,18.933,25/02/27,
1517,18.94,26/02/27,
1518,18.948,27/02/27,
1519,18.955,28/02/27,
1520,18.963,01/03/27,
1521,18.97,02/03/27,
1522,18.978,03/03/27,
1523,18.985,04/03/27,
1524,18.992,05/03/27,
1525,19,06/03/27,
1526,19.007,07/03/27,
1527,19.015,08/03/27,
1528,19.022,09/03/27,
1529,19.029,10/03/27,
1530,19.037,11/03/27,
1531,19.044,12/03/27,
1532,19.052,13/03/27,
1533,19.059,14/03/27,
1534,19.066,15/03/27,
1535,19.074,16/03/27,
1536,19.081,17/03/27,
1537,19.089,18/03/27,
1538,19.096,19/03/27,
1539,19.104,20/03/27,
1540,19.111,21/03/27,
1541,19.118,22/03/27,
1542,19.126,23/03/27,
1543,19.133,24/03/27,
1544,19.141,25/03/27,
1545,19.148,26/03/27,
1546,19.156,27/03/27,
1547,19.163,28/03/27,
1548,19.17,29/03/27,
1549,19.178,30/03/27,
1550,19.185,31/03/27,
1551,19.193,01/04/27,
1552,19.2,02/04/27,
1553,19.207,03/04/27,
1554,19.215,04/04/27,
1555,19.222,05/04/27,
1556,19.23,06/04/27,
1557,19.237,07/04/27,
1558,19.245,08/04/27,
1559,19.252,09/04/27,
1560,19.259,10/04/27,
1561,19.267,11/04/27,
1562,19.274,12/04/27,
1563,19.282,13/04/27,
1564,19.289,14/04/27,
1565,19.296,15/04/27,
1566,19.304,16/04/27,
1567,19.311,17/04/27,
1568,19.319,18/04/27,
1569,19.326,19/04/27,
1570,19.334,20/04/27,
1571,19.341,21/04/27,
1572,19.349,22/04/27,
1573,19.356,23/04/27,
1574,19.363,24/04/27,
1575,19.371,25/04/27,
1576,19.378,26/04/27,
1577,19.386,27/04/27,
1578,19.393,28/04/27,
1579,19.4,29/04/27,
1580,19.408,30/04/27,
1581,19.415,01/05/27,
1582,19.423,02/05/27,
1583,19.43,03/05/27,
1584,19.437,04/05/27,
1585,19.445,05/05/27,
1586,19.452,06/05/27,
1587,19.46,07/05/27,
1588,19.467,08/05/27,
1589,19.475,09/05/27,
1590,19.482,10/05/27,
1591,19.489,11/05/27,
1592,19.497,12/05/27,
1593,19.504,13/05/27,
1594,19.512,14/05/27,
1595,19.519,15/05/27,
1596,19.527,16/05/27,
1597,19.534,17/05/27,
1598,19.541,18/05/27,
1599,19.549,19/05/27,
1600,19.556,20/05/27,
1601,19.564,21/05/27,
1602,19.571,22/05/27,
1603,19.578,23/05/27,
1604,19.586,24/05/27,
1605,19.593,25/05/27,
1606,19.601,26/05/27,
1607,19.608,27/05/27,
1608,19.615,28/05/27,
1609,19.623,29/05/27,
1610,19.63,30/05/27,
1611,19.638,31/05/27,
1612,19.645,01/06/27,
1613,19.652,02/06/27,
1614,19.66,03/06/27,
1615,19.667,04/06/27,
1616,19.675,05/06/27,
1617,19.682,06/06/27,
1618,19.69,07/06/27,
1619,19.697,08/06/27,
1620,19.704,09/06/27,
1621,19.712,10/06/27,
1622,19.719,11/06/27,
1623,19.727,12/06/27,
1624,19.734,13/06/27,
1625,19.741,14/06/27,
1626,19.749,15/06/27,
1627,19.756,16/06/27,
1628,19.764,17/06/27,
1629,19.771,18/06/27,
1630,19.778,19/06/27,
1631,19.786,20/06/27,
1632,19.793,21/06/27,
1633,19.801,22/06/27,
1634,19.808,23/06/27,
1635,19.815,24/06/27,
1636,19.823,25/06/27,
1637,19.83,26/06/27,
1638,19.838,27/06/27,
1639,19.845,28/06/27,
1640,19.852,29/06/27,
1641,19.86,30/06/27,
1642,19.867,01/07/27,
1643,19.875,02/07/27,
1644,19.882,03/07/27,
1645,19.89,04/07/27,
1646,19.897,05/07/27,
1647,19.904,06/07/27,
1648,19.912,07/07/27,
1649,19.919,08/07/27,
1650,19.926,09/07/27,
1651,19.934,10/07/27,
1652,19.941,11/07/27,
1653,19.949,12/07/27,
1654,19.956,13/07/27,
1655,19.963,14/07/27,
1656,19.971,15/07/27,
1657,19.978,16/07/27,
1658,19.986,17/07/27,
1659,19.993,18/07/27,
1660,20,19/07/27,
1661,20.008,20/07/27,
1662,20.015,21/07/27,
1663,20.022,22/07/27,
1664,20.03,23/07/27,
1665,20.037,24/07/27,
1666,20.045,25/07/27,
1667,20.052,26/07/27,
1668,20.059,27/07/27,
1669,20.067,28/07/27,
1670,20.074,29/07/27,
1671,20.082,30/07/27,
1672,20.089,31/07/27,
1673,20.096,01/08/27,
1674,20.104,02/08/27,
1675,20.111,03/08/27,
1676,20.118,04/08/27,
1677,20.126,05/08/27,
1678,20.133,06/08/27,
1679,20.141,07/08/27,
1680,20.148,08/08/27,
1681,20.155,09/08/27,
1682,20.163,10/08/27,
1683,20.17,11/08/27,
1684,20.177,12/08/27,
1685,20.185,13/08/27,
1686,20.192,14/08/27,
1687,20.2,15/08/27,
1688,20.207,16/08/27,
1689,20.214,17/08/27,
1690,20.222,18/08/27,
1691,20.229,19/08/27,
1692,20.236,20/08/27,
1693,20.244,21/08/27,
1694,20.251,22/08/27,
1695,20.258,23/08/27,
1696,20.266,24/08/27,
1697,20.273,25/08/27,
1698,20.281,26/08/27,
1699,20.288,27/08/27,
1700,20.295,28/08/27,
1701,20.303,29/08/27,
1702,20.31,30/08/27,
1703,20.317,31/08/27,
1704,20.325,01/09/27,
1705,20.332,02/09/27,
1706,20.339,03/09/27,
1707,20.347,04/09/27,
1708,20.354,05/09/27,
1709,20.361,06/09/27,
1710,20.369,07/09/27,
1711,20.376,08/09/27,
1712,20.383,09/09/27,
1713,20.391,10/09/27,
1714,20.398,11/09/27,
1715,20.405,12/09/27,
1716,20.413,13/09/27,
1717,20.42,14/09/27,
1718,20.427,15/09/27,
1719,20.435,16/09/27,
1720,20.442,17/09/27,
1721,20.449,18/09/27,
1722,20.457,19/09/27,
1723,20.464,20/09/27,
1724,20.471,21/09/27,
1725,20.479,22/09/27,
1726,20.486,23/09/27,
1727,20.493,24/09/27,
1728,20.501,25/09/27,
1729,20.508,26/09/27,
1730,20.515,27/09/27,
1731,20.523,28/09/27,
1732,20.53,29/09/27,
1733,20.537,30/09/27,
1734,20.545,01/10/27,
1735,20.552,02/10/27,
1736,20.559,03/10/27,
1737,20.566,04/10/27,
1738,20.574,05/10/27,
1739,20.581,06/10/27,
1740,20.589,07/10/27,
1741,20.596,08/10/27,
1742,20.603,09/10/27,
1743,20.61,10/10/27,
1744,20.618,11/10/27,
1745,20.625,12/10/27,
1746,20.633,13/10/27,
1747,20.64,14/10/27,
1748,20.647,15/10/27,
1749,20.654,16/10/27,
1750,20.661,17/10/27,
1751,20.669,18/10/27,
1752,20.676,19/10/27,
1753,20.684,20/10/27,
1754,20.691,21/10/27,
1755,20.698,22/10/27,
1756,20.705,23/10/27,
1757,20.713,24/10/27,
1758,20.72,25/10/27,
1759,20.727,26/10/27,
1760,20.735,27/10/27,
1761,20.742,28/10/27,
1762,20.749,29/10/27,
1763,20.756,30/10/27,
1764,20.764,31/10/27,
1765,20.771,01/11/27,
1766,20.778,02/11/27,
1767,20.786,03/11/27,
1768,20.793,04/11/27,
1769,20.8,05/11/27,
1770,20.807,06/11/27,
1771,20.815,07/11/27,
1772,20.822,08/11/27,
1773,20.829,09/11/27,
1774,20.837,10/11/27,
1775,20.844,11/11/27,
1776,20.851,12/11/27,
1777,20.858,13/11/27,
1778,20.866,14/11/27,
1779,20.873,15/11/27,
1780,20.88,16/11/27,
1781,20.887,17/11/27,
1782,20.895,18/11/27,
1783,20.902,19/11/27,
1784,20.909,20/11/27,
1785,20.916,21/11/27,
1786,20.924,22/11/27,
1787,20.931,23/11/27,
1788,20.938,24/11/27,
1789,20.945,25/11/27,
1790,20.953,26/11/27,
1791,20.96,27/11/27,
1792,20.967,28/11/27,
1793,20.974,29/11/27,
1794,20.982,30/11/27,
1795,20.989,01/12/27,
1796,20.996,02/12/27,
1797,21.003,03/12/27,
1798,21.011,04/12/27,
1799,21.018,05/12/27,
1800,21.025,06/12/27,
1801,21.032,07/12/27,
1802,21.04,08/12/27,
1803,21.047,09/12/27,
1804,21.054,10/12/27,
1805,21.061,11/12/27,
1806,21.069,12/12/27,
1807,21.076,13/12/27,
1808,21.083,14/12/27,
1809,21.09,15/12/27,
1810,21.098,16/12/27,
1811,21.105,17/12/27,
1812,21.112,18/12/27,
1813,21.119,19/12/27,
1814,21.126,20/12/27,
1815,21.133,21/12/27,
1816,21.141,22/12/27,
1817,21.148,23/12/27,
1818,21.155,24/12/27,
1819,21.163,25/12/27,
1820,21.17,26/12/27,
1821,21.177,27/12/27,
1822,21.184,28/12/27,
1823,21.191,29/12/27,
1824,21.199,30/12/27,
1825,21.206,31/12/27,
1826,21.213,01/01/28,
1827,21.22,02/01/28,
1828,21.227,03/01/28,
1829,21.235,04/01/28,
1830,21.242,05/01/28,
1831,21.249,06/01/28,
1832,21.256,07/01/28,
1833,21.263,08/01/28,
1834,21.271,09/01/28,
1835,21.278,10/01/28,
1836,21.285,11/01/28,
1837,21.292,12/01/28,
1838,21.299,13/01/28,
1839,21.307,14/01/28,
1840,21.314,15/01/28,
1841,21.321,16/01/28,
1842,21.328,17/01/28,
1843,21.335,18/01/28,
1844,21.342,19/01/28,
1845,21.35,20/01/28,
1846,21.357,21/01/28,
1847,21.364,22/01/28,
1848,21.371,23/01/28,
1849,21.378,24/01/28,
1850,21.386,25/01/28,
1851,21.393,26/01/28,
1852,21.4,27/01/28,
1853,21.407,28/01/28,
1854,21.414,29/01/28,
1855,21.421,30/01/28,
1856,21.429,31/01/28,
1856,21.429,31/01/28,
1856,21.429,31/01/28,
1856,21.429,31/01/28,
1856,21.429,31/01/28,
1856,21.429,31/01/28,
1856,21.429,31/01/28,
1856,21.429,31/01/28,
1856,21.429,31/01/28,
1856,21.429,31/01/28,
1856,21.429,31/01/28,
1856,21.429,31/01/28,
1856,21.429,31/01/28,
1856,21.429,31/01/28,
1856,21.429,31/01/28,
1856,21.429,31/01/28,
1856,21.429,31/01/28,
1856,21.429,31/01/28,
1856,21.429,31/01/28,
1856,21.429,31/01/28,
1856,21.429,31/01/28,
1856,21.429,31/01/28,
1856,21.429,31/01/28,
1856,21.429,31/01/28,
1856,21.429,31/01/28,
1856,21.429,31/01/28,
1856,21.429,31/01/28,
1856,21.429,31/01/28,
1856,21.429,31/01/28,
1856,21.429,31/01/28,
1856,21.429,31/01/28,
1856,21.429,31/01/28,
1856,21.429,31/01/28,
1856,21.429,31/01/28,
1856,21.429,31/01/28,
1856,21.429,31/01/28,
1856,21.429,31/01/28,
1856,21.429,31/01/28,
1856,21.429,31/01/28,
1856,21.429,31/01/28,
1856,21.429,31/01/28,
1856,21.429,31/01/28,
1856,21.429,31/01/28,
1856,21.429,31/01/28,
1856,21.429,31/01/28,
1856,21.429,31/01/28,
1856,21.429,31/01/28,
1856,21.429,31/01/28,
1856,21.429,31/01/28,
1856,21.429,31/01/28,
1856,21.429,31/01/28,
1856,21.429,31/01/28,
1856,21.429,31/01/28,
1856,21.429,31/01/28,
1856,21.429,31/01/28,
1856,21.429,31/01/28,
1856,21.429,31/01/28,
1856,21.429,31/01/28,
1856,21.429,31/01/28,
1856,21.429,31/01/28,
1856,21.429,31/01/28,
1856,21.429,31/01/28,
1856,21.429,31/01/28,
1856,21.429,31/01/28,
1856,21.429,31/01/28,
1856,21.429,31/01/28,
1856,21.429,31/01/28,
1856,21.429,31/01/28,
1856,21.429,31/01/28,
1856,21.429,31/01/28,
1856,21.429,31/01/28,
1856,21.429,31/01/28,
1856,21.429,31/01/28,
1856,21.429,31/01/28,
1856,21.429,31/01/28,
1856,21.429,31/01/28,
1856,21.429,31/01/28,
1856,21.429,31/01/28,
1856,21.429,31/01/28,
1856,21.429,31/01/28,
1856,21.429,31/01/28,
1856,21.429,31/01/28,
1856,21.429,31/01/28,
1856,21.429,31/01/28,
1856,21.429,31/01/28,
1856,21.429,31/01/28,
1856,21.429,31/01/28,
1856,21.429,31/01/28,
1856,21.429,31/01/28,
1856,21.429,31/01/28,
1856,21.429,31/01/28,
1856,21.429,31/01/28,
1856,21.429,31/01/28,
1856,21.429,31/01/28,
1856,21.429,31/01/28,
1856,21.429,31/01/28,
1856,21.429,31/01/28,
1856,21.429,31/01/28,
1856,21.429,31/01/28,
1856,21.429,31/01/28,
1856,21.429,31/01/28,
1856,21.429,31/01/28,
1856,21.429,31/01/28,
1856,21.429,31/01/28,
1856,21.429,31/01/28,
1856,21.429,31/01/28,
1856,21.429,31/01/28,
1856,21.429,31/01/28,
1856,21.429,31/01/28,
1856,21.429,31/01/28,
1856,21.429,31/01/28,
1856,21.429,31/01/28,
1856,21.429,31/01/28,
1856,21.429,31/01/28,
1856,21.429,31/01/28,
1856,21.429,31/01/28,
1856,21.429,31/01/28,
1856,21.429,31/01/28,
1856,21.429,31/01/28,
1856,21.429,31/01/28,
1856,21.429,31/01/28,
1856,21.429,31/01/28,
1856,21.429,31/01/28,
1856,21.429,31/01/28,
1856,21.429,31/01/28,
1856,21.429,31/01/28,
1856,21.429,31/01/28,
1856,21.429,31/01/28,
1856,21.429,31/01/28,
1856,21.429,31/01/28,
1856,21.429,31/01/28,
1856,21.429,31/01/28,
1856,21.429,31/01/28,
1856,21.429,31/01/28,
1856,21.429,31/01/28,
1856,21.429,31/01/28,
1856,21.429,31/01/28,
1856,21.429,31/01/28,
1856,21.429,31/01/28,
