DATA NOT FOR SALE,DATA NOT FOR SALE,DATA NOT FOR SALE
Day,SD0,Date
DATA NOT FOR SALE,DATA NOT FOR SALE,DATA NOT FOR SALE
,,
0,3.232,01/01/2023
DATA NOT FOR SALE,DATA NOT FOR SALE,DATA NOT FOR SALE
,,
1,3.196,02/01/2023
2,,03/01/2023
3,3.232,04/01/2023
4,,05/01/2023
5,3.282,06/01/2023
6,,07/01/2023
7,3.339,08/01/2023
8,3.369,09/01/2023
9,,10/01/2023
10,3.431,11/01/2023
11,3.464,12/01/2023
12,3.498,13/01/2023
13,3.533,14/01/2023
14,3.569,15/01/2023
15,3.606,16/01/2023
16,3.644,17/01/2023
17,3.682,18/01/2023
18,3.72,19/01/2023
19,3.758,20/01/2023
20,3.797,21/01/2023
21,3.835,22/01/2023
22,3.874,23/01/2023
23,3.912,24/01/2023
24,3.95,25/01/2023
25,3.987,26/01/2023
26,4.025,27/01/2023
27,4.062,28/01/2023
28,4.099,29/01/2023
29,4.135,30/01/2023
30,4.172,31/01/2023
31,4.208,01/02/2023
32,4.243,02/02/2023
33,4.278,03/02/2023
34,4.313,04/02/2023
35,4.348,05/02/2023
36,4.382,06/02/2023
37,4.416,07/02/2023
38,4.449,08/02/2023
39,4.482,09/02/2023
40,4.515,10/02/2023
41,4.547,11/02/2023
42,4.579,12/02/2023
43,4.611,13/02/2023
44,4.642,14/02/2023
45,4.674,15/02/2023
46,4.704,16/02/2023
47,4.735,17/02/2023
48,4.765,18/02/2023
49,4.795,19/02/2023
50,4.824,20/02/2023
51,4.854,21/02/2023
52,4.883,22/02/2023
53,4.912,23/02/2023
54,4.94,24/02/2023
55,4.968,25/02/2023
56,4.996,26/02/2023
57,5.024,27/02/2023
58,5.051,28/02/2023
59,5.078,01/03/2023
60,5.105,02/03/2023
61,5.132,03/03/2023
62,5.158,04/03/2023
63,5.184,05/03/2023
64,5.21,06/03/2023
65,5.236,07/03/2023
66,5.262,08/03/2023
67,5.287,09/03/2023
68,5.312,10/03/2023
69,5.337,11/03/2023
70,5.362,12/03/2023
71,5.386,13/03/2023
72,5.411,14/03/2023
73,5.435,15/03/2023
74,5.459,16/03/2023
75,5.482,17/03/2023
76,5.506,18/03/2023
77,5.53,19/03/2023
78,5.553,20/03/2023
79,5.576,21/03/2023
80,5.599,22/03/2023
81,5.621,23/03/2023
82,5.644,24/03/2023
83,5.666,25/03/2023
84,5.688,26/03/2023
85,5.71,27/03/2023
86,5.732,28/03/2023
87,5.754,29/03/2023
88,5.776,30/03/2023
89,5.797,31/03/2023
90,5.818,01/04/2023
91,5.839,02/04/2023
92,5.86,03/04/2023
93,5.881,04/04/2023
94,5.902,05/04/2023
95,5.922,06/04/2023
96,5.943,07/04/2023
97,5.963,08/04/2023
98,5.983,09/04/2023
99,6.003,10/04/2023
100,6.023,11/04/2023
101,6.043,12/04/2023
102,6.062,13/04/2023
103,6.082,14/04/2023
104,6.101,15/04/2023
105,6.12,16/04/2023
106,6.139,17/04/2023
107,6.158,18/04/2023
108,6.177,19/04/2023
109,6.196,20/04/2023
110,6.214,21/04/2023
111,6.233,22/04/2023
112,6.251,23/04/2023
113,6.269,24/04/2023
114,6.287,25/04/2023
115,6.305,26/04/2023
116,6.323,27/04/2023
117,6.341,28/04/2023
118,6.359,29/04/2023
119,6.376,30/04/2023
120,6.394,01/05/2023
121,6.411,02/05/2023
122,6.428,03/05/2023
123,6.445,04/05/2023
124,6.462,05/05/2023
125,6.479,06/05/2023
126,6.496,07/05/2023
127,6.512,08/05/2023
128,6.529,09/05/2023
129,6.545,10/05/2023
130,6.562,11/05/2023
131,6.578,12/05/2023
132,6.594,13/05/2023
133,6.61,14/05/2023
134,6.626,15/05/2023
135,6.642,16/05/2023
136,6.657,17/05/2023
137,6.673,18/05/2023
138,6.688,19/05/2023
139,6.704,20/05/2023
140,6.719,21/05/2023
141,6.734,22/05/2023
142,6.75,23/05/2023
143,6.765,24/05/2023
144,6.78,25/05/2023
145,6.794,26/05/2023
146,6.809,27/05/2023
147,6.824,28/05/2023
148,6.838,29/05/2023
149,6.853,30/05/2023
150,6.867,31/05/2023
151,6.882,01/06/2023
152,6.896,02/06/2023
153,6.91,03/06/2023
154,6.924,04/06/2023
155,6.938,05/06/2023
156,6.952,06/06/2023
157,6.966,07/06/2023
158,6.98,08/06/2023
159,6.993,09/06/2023
160,7.007,10/06/2023
161,7.02,11/06/2023
162,7.034,12/06/2023
163,7.047,13/06/2023
164,7.061,14/06/2023
165,7.074,15/06/2023
166,7.087,16/06/2023
167,7.1,17/06/2023
168,7.113,18/06/2023
169,7.126,19/06/2023
170,7.139,20/06/2023
171,7.152,21/06/2023
172,7.165,22/06/2023
173,7.178,23/06/2023
174,7.19,24/06/2023
175,7.203,25/06/2023
176,7.215,26/06/2023
177,7.228,27/06/2023
178,7.24,28/06/2023
179,7.253,29/06/2023
180,7.265,30/06/2023
181,7.277,01/07/2023
182,7.289,02/07/2023
183,7.302,03/07/2023
184,7.314,04/07/2023
185,7.326,05/07/2023
186,7.338,06/07/2023
187,7.35,07/07/2023
188,7.361,08/07/2023
189,7.373,09/07/2023
190,7.385,10/07/2023
191,7.397,11/07/2023
192,7.408,12/07/2023
193,7.42,13/07/2023
194,7.431,14/07/2023
195,7.443,15/07/2023
196,7.454,16/07/2023
197,7.466,17/07/2023
198,7.477,18/07/2023
199,7.488,19/07/2023
200,7.5,20/07/2023
201,7.511,21/07/2023
202,7.522,22/07/2023
203,7.533,23/07/2023
204,7.544,24/07/2023
205,7.555,25/07/2023
206,7.566,26/07/2023
207,7.577,27/07/2023
208,7.588,28/07/2023
209,7.599,29/07/2023
210,7.609,30/07/2023
211,7.62,31/07/2023
212,7.631,01/08/2023
213,7.642,02/08/2023
214,7.652,03/08/2023
215,7.663,04/08/2023
216,7.673,05/08/2023
217,7.684,06/08/2023
218,7.694,07/08/2023
219,7.705,08/08/2023
220,7.715,09/08/2023
221,7.725,10/08/2023
222,7.736,11/08/2023
223,7.746,12/08/2023
224,7.756,13/08/2023
225,7.766,14/08/2023
226,7.777,15/08/2023
227,7.787,16/08/2023
228,7.797,17/08/2023
229,7.807,18/08/2023
230,7.817,19/08/2023
231,7.827,20/08/2023
232,7.837,21/08/2023
233,7.847,22/08/2023
234,7.857,23/08/2023
235,7.866,24/08/2023
236,7.876,25/08/2023
237,7.886,26/08/2023
238,7.896,27/08/2023
239,7.905,28/08/2023
240,7.915,29/08/2023
241,7.925,30/08/2023
242,7.934,31/08/2023
243,7.944,01/09/2023
244,7.953,02/09/2023
245,7.963,03/09/2023
246,7.972,04/09/2023
247,7.982,05/09/2023
248,7.991,06/09/2023
249,8.001,07/09/2023
250,8.01,08/09/2023
251,8.019,09/09/2023
252,8.029,10/09/2023
253,8.038,11/09/2023
254,8.047,12/09/2023
255,8.056,13/09/2023
256,8.066,14/09/2023
257,8.075,15/09/2023
258,8.084,16/09/2023
259,8.093,17/09/2023
260,8.102,18/09/2023
261,8.111,19/09/2023
262,8.12,20/09/2023
263,8.129,21/09/2023
264,8.138,22/09/2023
265,8.147,23/09/2023
266,8.156,24/09/2023
267,8.164,25/09/2023
268,8.173,26/09/2023
269,8.182,27/09/2023
270,8.191,28/09/2023
271,8.2,29/09/2023
272,8.208,30/09/2023
273,8.217,01/10/2023
274,8.226,02/10/2023
275,8.235,03/10/2023
276,8.243,04/10/2023
277,8.252,05/10/2023
278,8.26,06/10/2023
279,8.269,07/10/2023
280,8.278,08/10/2023
281,8.286,09/10/2023
282,8.295,10/10/2023
283,8.303,11/10/2023
284,8.312,12/10/2023
285,8.32,13/10/2023
286,8.328,14/10/2023
287,8.337,15/10/2023
288,8.345,16/10/2023
289,8.354,17/10/2023
290,8.362,18/10/2023
291,8.37,19/10/2023
292,8.379,20/10/2023
293,8.387,21/10/2023
294,8.395,22/10/2023
295,8.404,23/10/2023
296,8.412,24/10/2023
297,8.42,25/10/2023
298,8.428,26/10/2023
299,8.436,27/10/2023
300,8.444,28/10/2023
301,8.453,29/10/2023
302,8.461,30/10/2023
303,8.469,31/10/2023
304,8.477,01/11/2023
305,8.485,02/11/2023
306,8.493,03/11/2023
307,8.501,04/11/2023
308,8.509,05/11/2023
309,8.517,06/11/2023
310,8.525,07/11/2023
311,8.533,08/11/2023
312,8.541,09/11/2023
313,8.549,10/11/2023
314,8.557,11/11/2023
315,8.565,12/11/2023
316,8.573,13/11/2023
317,8.581,14/11/2023
318,8.589,15/11/2023
319,8.596,16/11/2023
320,8.604,17/11/2023
321,8.612,18/11/2023
322,8.62,19/11/2023
323,8.628,20/11/2023
324,8.636,21/11/2023
325,8.644,22/11/2023
326,8.651,23/11/2023
327,8.659,24/11/2023
328,8.667,25/11/2023
329,8.674,26/11/2023
330,8.682,27/11/2023
331,8.69,28/11/2023
332,8.698,29/11/2023
333,8.705,30/11/2023
334,8.713,01/12/2023
335,8.721,02/12/2023
336,8.728,03/12/2023
337,8.736,04/12/2023
338,8.744,05/12/2023
339,8.751,06/12/2023
340,8.759,07/12/2023
341,8.766,08/12/2023
342,8.774,09/12/2023
343,8.782,10/12/2023
344,8.789,11/12/2023
345,8.797,12/12/2023
346,8.804,13/12/2023
347,8.812,14/12/2023
348,8.819,15/12/2023
349,8.827,16/12/2023
350,8.834,17/12/2023
351,8.842,18/12/2023
352,8.85,19/12/2023
353,8.857,20/12/2023
354,8.864,21/12/2023
355,8.872,22/12/2023
356,8.879,23/12/2023
357,8.887,24/12/2023
358,8.894,25/12/2023
359,8.902,26/12/2023
360,8.909,27/12/2023
361,8.917,28/12/2023
362,8.924,29/12/2023
363,8.931,30/12/2023
364,8.939,31/12/2023
365,8.946,01/01/2024
366,8.954,02/01/2024
367,8.961,03/01/2024
368,8.968,04/01/2024
369,8.976,05/01/2024
370,8.983,06/01/2024
371,8.99,07/01/2024
372,8.998,08/01/2024
373,9.005,09/01/2024
374,9.012,10/01/2024
375,9.02,11/01/2024
376,9.027,12/01/2024
377,9.034,13/01/2024
378,9.042,14/01/2024
379,9.049,15/01/2024
380,9.056,16/01/2024
381,9.064,17/01/2024
382,9.071,18/01/2024
383,9.078,19/01/2024
384,9.085,20/01/2024
385,9.093,21/01/2024
386,9.1,22/01/2024
387,9.107,23/01/2024
388,9.114,24/01/2024
389,9.122,25/01/2024
390,9.129,26/01/2024
391,9.136,27/01/2024
392,9.143,28/01/2024
393,9.151,29/01/2024
394,9.158,30/01/2024
395,9.165,31/01/2024
396,9.172,01/02/2024
397,9.179,02/02/2024
398,9.187,03/02/2024
399,9.194,04/02/2024
400,9.201,05/02/2024
401,9.208,06/02/2024
402,9.215,07/02/2024
403,9.222,08/02/2024
404,9.23,09/02/2024
405,9.237,10/02/2024
406,9.244,11/02/2024
407,9.251,12/02/2024
408,9.258,13/02/2024
409,9.265,14/02/2024
410,9.272,15/02/2024
411,9.28,16/02/2024
412,9.287,17/02/2024
413,9.294,18/02/2024
414,9.301,19/02/2024
415,9.308,20/02/2024
416,9.315,21/02/2024
417,9.322,22/02/2024
418,9.329,23/02/2024
419,9.336,24/02/2024
420,9.344,25/02/2024
421,9.351,26/02/2024
422,9.358,27/02/2024
423,9.365,28/02/2024
424,9.372,29/02/2024
425,9.379,01/03/2024
426,9.386,02/03/2024
427,9.393,03/03/2024
428,9.4,04/03/2024
429,9.407,05/03/2024
430,9.414,06/03/2024
431,9.421,07/03/2024
432,9.428,08/03/2024
433,9.436,09/03/2024
434,9.443,10/03/2024
435,9.45,11/03/2024
436,9.457,12/03/2024
437,9.464,13/03/2024
438,9.471,14/03/2024
439,9.478,15/03/2024
440,9.485,16/03/2024
441,9.492,17/03/2024
442,9.499,18/03/2024
443,9.506,19/03/2024
444,9.513,20/03/2024
445,9.52,21/03/2024
446,9.527,22/03/2024
447,9.534,23/03/2024
448,9.541,24/03/2024
449,9.548,25/03/2024
450,9.555,26/03/2024
451,9.562,27/03/2024
452,9.569,28/03/2024
453,9.576,29/03/2024
454,9.583,30/03/2024
455,9.59,31/03/2024
456,9.597,01/04/2024
457,9.604,02/04/2024
458,9.611,03/04/2024
459,9.618,04/04/2024
460,9.625,05/04/2024
461,9.632,06/04/2024
462,9.639,07/04/2024
463,9.646,08/04/2024
464,9.653,09/04/2024
465,9.66,10/04/2024
466,9.666,11/04/2024
467,9.674,12/04/2024
468,9.68,13/04/2024
469,9.687,14/04/2024
470,9.694,15/04/2024
471,9.701,16/04/2024
472,9.708,17/04/2024
473,9.715,18/04/2024
474,9.722,19/04/2024
475,9.729,20/04/2024
476,9.736,21/04/2024
477,9.743,22/04/2024
478,9.75,23/04/2024
479,9.757,24/04/2024
480,9.764,25/04/2024
481,9.771,26/04/2024
482,9.778,27/04/2024
483,9.785,28/04/2024
484,9.792,29/04/2024
485,9.798,30/04/2024
486,9.805,01/05/2024
487,9.812,02/05/2024
488,9.819,03/05/2024
489,9.826,04/05/2024
490,9.833,05/05/2024
491,9.84,06/05/2024
492,9.847,07/05/2024
493,9.854,08/05/2024
494,9.861,09/05/2024
495,9.868,10/05/2024
496,9.875,11/05/2024
497,9.882,12/05/2024
498,9.888,13/05/2024
499,9.895,14/05/2024
500,9.902,15/05/2024
501,9.909,16/05/2024
502,9.916,17/05/2024
503,9.923,18/05/2024
504,9.93,19/05/2024
505,9.937,20/05/2024
506,9.944,21/05/2024
507,9.951,22/05/2024
508,9.958,23/05/2024
509,9.964,24/05/2024
510,9.971,25/05/2024
511,9.978,26/05/2024
512,9.985,27/05/2024
513,9.992,28/05/2024
514,9.999,29/05/2024
515,10.006,30/05/2024
516,10.013,31/05/2024
517,10.02,01/06/2024
518,10.026,02/06/2024
519,10.033,03/06/2024
520,10.04,04/06/2024
521,10.047,05/06/2024
522,10.054,06/06/2024
523,10.061,07/06/2024
524,10.068,08/06/2024
525,10.075,09/06/2024
526,10.082,10/06/2024
527,10.088,11/06/2024
528,10.095,12/06/2024
529,10.102,13/06/2024
530,10.109,14/06/2024
531,10.116,15/06/2024
532,10.123,16/06/2024
533,10.13,17/06/2024
534,10.136,18/06/2024
535,10.143,19/06/2024
536,10.15,20/06/2024
537,10.157,21/06/2024
538,10.164,22/06/2024
539,10.171,23/06/2024
540,10.178,24/06/2024
541,10.184,25/06/2024
542,10.191,26/06/2024
543,10.198,27/06/2024
544,10.205,28/06/2024
545,10.212,29/06/2024
546,10.219,30/06/2024
547,10.226,01/07/2024
548,10.232,02/07/2024
549,10.239,03/07/2024
550,10.246,04/07/2024
551,10.253,05/07/2024
552,10.26,06/07/2024
553,10.267,07/07/2024
554,10.273,08/07/2024
555,10.28,09/07/2024
556,10.287,10/07/2024
557,10.294,11/07/2024
558,10.301,12/07/2024
559,10.308,13/07/2024
560,10.314,14/07/2024
561,10.321,15/07/2024
562,10.328,16/07/2024
563,10.335,17/07/2024
564,10.342,18/07/2024
565,10.349,19/07/2024
566,10.355,20/07/2024
567,10.362,21/07/2024
568,10.369,22/07/2024
569,10.376,23/07/2024
570,10.383,24/07/2024
571,10.39,25/07/2024
572,10.396,26/07/2024
573,10.403,27/07/2024
574,10.41,28/07/2024
575,10.417,29/07/2024
576,10.424,30/07/2024
577,10.43,31/07/2024
578,10.437,01/08/2024
579,10.444,02/08/2024
580,10.451,03/08/2024
581,10.458,04/08/2024
582,10.464,05/08/2024
583,10.471,06/08/2024
584,10.478,07/08/2024
585,10.485,08/08/2024
586,10.492,09/08/2024
587,10.498,10/08/2024
588,10.505,11/08/2024
589,10.512,12/08/2024
590,10.519,13/08/2024
591,10.526,14/08/2024
592,10.532,15/08/2024
593,10.539,16/08/2024
594,10.546,17/08/2024
595,10.553,18/08/2024
596,10.56,19/08/2024
597,10.566,20/08/2024
598,10.573,21/08/2024
599,10.58,22/08/2024
600,10.587,23/08/2024
601,10.594,24/08/2024
602,10.6,25/08/2024
603,10.607,26/08/2024
604,10.614,27/08/2024
605,10.621,28/08/2024
606,10.628,29/08/2024
607,10.634,30/08/2024
608,10.641,31/08/2024
609,10.648,01/09/2024
610,10.655,02/09/2024
611,10.662,03/09/2024
612,10.668,04/09/2024
613,10.675,05/09/2024
614,10.682,06/09/2024
615,10.689,07/09/2024
616,10.696,08/09/2024
617,10.702,09/09/2024
618,10.709,10/09/2024
619,10.716,11/09/2024
620,10.723,12/09/2024
621,10.73,13/09/2024
622,10.736,14/09/2024
623,10.743,15/09/2024
624,10.75,16/09/2024
625,10.757,17/09/2024
626,10.764,18/09/2024
627,10.77,19/09/2024
628,10.777,20/09/2024
629,10.784,21/09/2024
630,10.791,22/09/2024
631,10.798,23/09/2024
632,10.804,24/09/2024
633,10.811,25/09/2024
634,10.818,26/09/2024
635,10.825,27/09/2024
636,10.832,28/09/2024
637,10.838,29/09/2024
638,10.845,30/09/2024
639,10.852,01/10/2024
640,10.859,02/10/2024
641,10.866,03/10/2024
642,10.872,04/10/2024
643,10.879,05/10/2024
644,10.886,06/10/2024
645,10.893,07/10/2024
646,10.9,08/10/2024
647,10.906,09/10/2024
648,10.913,10/10/2024
649,10.92,11/10/2024
650,10.927,12/10/2024
651,10.934,13/10/2024
652,10.941,14/10/2024
653,10.947,15/10/2024
654,10.954,16/10/2024
655,10.961,17/10/2024
656,10.968,18/10/2024
657,10.975,19/10/2024
658,10.982,20/10/2024
659,10.988,21/10/2024
660,10.995,22/10/2024
661,11.002,23/10/2024
662,11.009,24/10/2024
663,11.016,25/10/2024
664,11.022,26/10/2024
665,11.029,27/10/2024
666,11.036,28/10/2024
667,11.043,29/10/2024
668,11.05,30/10/2024
669,11.056,31/10/2024
670,11.063,01/11/2024
671,11.07,02/11/2024
672,11.077,03/11/2024
673,11.084,04/11/2024
674,11.091,05/11/2024
675,11.098,06/11/2024
676,11.104,07/11/2024
677,11.111,08/11/2024
678,11.118,09/11/2024
679,11.125,10/11/2024
680,11.132,11/11/2024
681,11.138,12/11/2024
682,11.145,13/11/2024
683,11.152,14/11/2024
684,11.159,15/11/2024
685,11.166,16/11/2024
686,11.173,17/11/2024
687,11.18,18/11/2024
688,11.186,19/11/2024
689,11.193,20/11/2024
690,11.2,21/11/2024
691,11.207,22/11/2024
692,11.214,23/11/2024
693,11.22,24/11/2024
694,11.227,25/11/2024
695,11.234,26/11/2024
696,11.241,27/11/2024
697,11.248,28/11/2024
698,11.255,29/11/2024
699,11.262,30/11/2024
700,11.268,01/12/2024
701,11.275,02/12/2024
702,11.282,03/12/2024
703,11.289,04/12/2024
704,11.296,05/12/2024
705,11.303,06/12/2024
706,11.31,07/12/2024
707,11.316,08/12/2024
708,11.323,09/12/2024
709,11.33,10/12/2024
710,11.337,11/12/2024
711,11.344,12/12/2024
712,11.351,13/12/2024
713,11.358,14/12/2024
714,11.364,15/12/2024
715,11.371,16/12/2024
716,11.378,17/12/2024
717,11.385,18/12/2024
718,11.392,19/12/2024
719,11.399,20/12/2024
720,11.406,21/12/2024
721,11.412,22/12/2024
722,11.419,23/12/2024
723,11.426,24/12/2024
724,11.433,25/12/2024
725,11.44,26/12/2024
726,11.447,27/12/2024
727,11.454,28/12/2024
728,11.46,29/12/2024
729,11.467,30/12/2024
730,11.474,31/12/2024
731,11.481,01/01/2025
732,11.488,02/01/2025
733,11.495,03/01/2025
734,11.502,04/01/2025
735,11.508,05/01/2025
736,11.515,06/01/2025
737,11.522,07/01/2025
738,11.529,08/01/2025
739,11.536,09/01/2025
740,11.543,10/01/2025
741,11.55,11/01/2025
742,11.556,12/01/2025
743,11.563,13/01/2025
744,11.57,14/01/2025
745,11.577,15/01/2025
746,11.584,16/01/2025
747,11.591,17/01/2025
748,11.598,18/01/2025
749,11.604,19/01/2025
750,11.611,20/01/2025
751,11.618,21/01/2025
752,11.625,22/01/2025
753,11.632,23/01/2025
754,11.639,24/01/2025
755,11.646,25/01/2025
756,11.652,26/01/2025
757,11.659,27/01/2025
758,11.666,28/01/2025
759,11.673,29/01/2025
760,11.68,30/01/2025
761,11.687,31/01/2025
762,11.694,01/02/2025
763,11.7,02/02/2025
764,11.707,03/02/2025
765,11.714,04/02/2025
766,11.721,05/02/2025
767,11.728,06/02/2025
768,11.735,07/02/2025
769,11.742,08/02/2025
770,11.748,09/02/2025
771,11.755,10/02/2025
772,11.762,11/02/2025
773,11.769,12/02/2025
774,11.776,13/02/2025
775,11.783,14/02/2025
776,11.79,15/02/2025
777,11.796,16/02/2025
778,11.803,17/02/2025
779,11.81,18/02/2025
780,11.817,19/02/2025
781,11.824,20/02/2025
782,11.831,21/02/2025
783,11.838,22/02/2025
784,11.844,23/02/2025
785,11.851,24/02/2025
786,11.858,25/02/2025
787,11.865,26/02/2025
788,11.872,27/02/2025
789,11.878,28/02/2025
790,11.885,01/03/2025
791,11.892,02/03/2025
792,11.899,03/03/2025
793,11.906,04/03/2025
794,11.913,05/03/2025
795,11.919,06/03/2025
796,11.926,07/03/2025
797,11.933,08/03/2025
798,11.94,09/03/2025
799,11.947,10/03/2025
800,11.954,11/03/2025
801,11.96,12/03/2025
802,11.967,13/03/2025
803,11.974,14/03/2025
804,11.981,15/03/2025
805,11.988,16/03/2025
806,11.994,17/03/2025
807,12.001,18/03/2025
808,12.008,19/03/2025
809,12.015,20/03/2025
810,12.022,21/03/2025
811,12.028,22/03/2025
812,12.035,23/03/2025
813,12.042,24/03/2025
814,12.049,25/03/2025
815,12.055,26/03/2025
816,12.062,27/03/2025
817,12.069,28/03/2025
818,12.076,29/03/2025
819,12.082,30/03/2025
820,12.089,31/03/2025
821,12.096,01/04/2025
822,12.103,02/04/2025
823,12.11,03/04/2025
824,12.116,04/04/2025
825,12.123,05/04/2025
826,12.13,06/04/2025
827,12.137,07/04/2025
828,12.143,08/04/2025
829,12.15,09/04/2025
830,12.157,10/04/2025
831,12.164,11/04/2025
832,12.17,12/04/2025
833,12.177,13/04/2025
834,12.184,14/04/2025
835,12.19,15/04/2025
836,12.197,16/04/2025
837,12.204,17/04/2025
838,12.211,18/04/2025
839,12.217,19/04/2025
840,12.224,20/04/2025
841,12.231,21/04/2025
842,12.237,22/04/2025
843,12.244,23/04/2025
844,12.251,24/04/2025
845,12.258,25/04/2025
846,12.264,26/04/2025
847,12.271,27/04/2025
848,12.278,28/04/2025
849,12.284,29/04/2025
850,12.291,30/04/2025
851,12.298,01/05/2025
852,12.304,02/05/2025
853,12.311,03/05/2025
854,12.318,04/05/2025
855,12.324,05/05/2025
856,12.331,06/05/2025
857,12.338,07/05/2025
858,12.344,08/05/2025
859,12.351,09/05/2025
860,12.358,10/05/2025
861,12.364,11/05/2025
862,12.371,12/05/2025
863,12.377,13/05/2025
864,12.384,14/05/2025
865,12.391,15/05/2025
866,12.397,16/05/2025
867,12.404,17/05/2025
868,12.41,18/05/2025
869,12.417,19/05/2025
870,12.424,20/05/2025
871,12.43,21/05/2025
872,12.437,22/05/2025
873,12.444,23/05/2025
874,12.45,24/05/2025
875,12.457,25/05/2025
876,12.463,26/05/2025
877,12.47,27/05/2025
878,12.476,28/05/2025
879,12.483,29/05/2025
880,12.49,30/05/2025
881,12.496,31/05/2025
882,12.503,01/06/2025
883,12.509,02/06/2025
884,12.516,03/06/2025
885,12.522,04/06/2025
886,12.529,05/06/2025
887,12.536,06/06/2025
888,12.542,07/06/2025
889,12.549,08/06/2025
890,12.555,09/06/2025
891,12.562,10/06/2025
892,12.568,11/06/2025
893,12.575,12/06/2025
894,12.581,13/06/2025
895,12.588,14/06/2025
896,12.594,15/06/2025
897,12.601,16/06/2025
898,12.607,17/06/2025
899,12.614,18/06/2025
900,12.62,19/06/2025
901,12.627,20/06/2025
902,12.633,21/06/2025
903,12.64,22/06/2025
904,12.646,23/06/2025
905,12.653,24/06/2025
906,12.659,25/06/2025
907,12.666,26/06/2025
908,12.672,27/06/2025
909,12.679,28/06/2025
910,12.685,29/06/2025
911,12.692,30/06/2025
912,12.698,01/07/2025
913,12.705,02/07/2025
914,12.711,03/07/2025
915,12.718,04/07/2025
916,12.724,05/07/2025
917,12.73,06/07/2025
918,12.737,07/07/2025
919,12.743,08/07/2025
920,12.75,09/07/2025
921,12.756,10/07/2025
922,12.763,11/07/2025
923,12.769,12/07/2025
924,12.776,13/07/2025
925,12.782,14/07/2025
926,12.788,15/07/2025
927,12.795,16/07/2025
928,12.801,17/07/2025
929,12.808,18/07/2025
930,12.814,19/07/2025
931,12.82,20/07/2025
932,12.827,21/07/2025
933,12.833,22/07/2025
934,12.84,23/07/2025
935,12.846,24/07/2025
936,12.852,25/07/2025
937,12.859,26/07/2025
938,12.865,27/07/2025
939,12.872,28/07/2025
940,12.878,29/07/2025
941,12.884,30/07/2025
942,12.891,31/07/2025
943,12.897,01/08/2025
944,12.903,02/08/2025
945,12.91,03/08/2025
946,12.916,04/08/2025
947,12.922,05/08/2025
948,12.929,06/08/2025
949,12.935,07/08/2025
950,12.942,08/08/2025
951,12.948,09/08/2025
952,12.954,10/08/2025
953,12.96,11/08/2025
954,12.967,12/08/2025
955,12.973,13/08/2025
956,12.98,14/08/2025
957,12.986,15/08/2025
958,12.992,16/08/2025
959,12.998,17/08/2025
960,13.005,18/08/2025
961,13.011,19/08/2025
962,13.017,20/08/2025
963,13.024,21/08/2025
964,13.03,22/08/2025
965,13.036,23/08/2025
966,13.043,24/08/2025
967,13.049,25/08/2025
968,13.055,26/08/2025
969,13.062,27/08/2025
970,13.068,28/08/2025
971,13.074,29/08/2025
972,13.08,30/08/2025
973,13.087,31/08/2025
974,13.093,01/09/2025
975,13.099,02/09/2025
976,13.106,03/09/2025
977,13.112,04/09/2025
978,13.118,05/09/2025
979,13.124,06/09/2025
980,13.131,07/09/2025
981,13.137,08/09/2025
982,13.143,09/09/2025
983,13.15,10/09/2025
984,13.156,11/09/2025
985,13.162,12/09/2025
986,13.168,13/09/2025
987,13.175,14/09/2025
988,13.181,15/09/2025
989,13.187,16/09/2025
990,13.193,17/09/2025
991,13.2,18/09/2025
992,13.206,19/09/2025
993,13.212,20/09/2025
994,13.218,21/09/2025
995,13.225,22/09/2025
996,13.231,23/09/2025
997,13.237,24/09/2025
998,13.244,25/09/2025
999,13.25,26/09/2025
1000,13.256,27/09/2025
1001,13.262,28/09/2025
1002,13.268,29/09/2025
1003,13.275,30/09/2025
1004,13.281,01/10/2025
1005,13.287,02/10/2025
1006,13.293,03/10/2025
1007,13.3,04/10/2025
1008,13.306,05/10/2025
1009,13.312,06/10/2025
1010,13.318,07/10/2025
1011,13.325,08/10/2025
1012,13.331,09/10/2025
1013,13.337,10/10/2025
1014,13.343,11/10/2025
1015,13.35,12/10/2025
1016,13.356,13/10/2025
1017,13.362,14/10/2025
1018,13.368,15/10/2025
1019,13.374,16/10/2025
1020,13.381,17/10/2025
1021,13.387,18/10/2025
1022,13.393,19/10/2025
1023,13.399,20/10/2025
1024,13.406,21/10/2025
1025,13.412,22/10/2025
1026,13.418,23/10/2025
1027,13.424,24/10/2025
1028,13.43,25/10/2025
1029,13.437,26/10/2025
1030,13.443,27/10/2025
1031,13.449,28/10/2025
1032,13.455,29/10/2025
1033,13.461,30/10/2025
1034,13.468,31/10/2025
1035,13.474,01/11/2025
1036,13.48,02/11/2025
1037,13.486,03/11/2025
1038,13.492,04/11/2025
1039,13.499,05/11/2025
1040,13.505,06/11/2025
1041,13.511,07/11/2025
1042,13.517,08/11/2025
1043,13.524,09/11/2025
1044,13.53,10/11/2025
1045,13.536,11/11/2025
1046,13.542,12/11/2025
1047,13.548,13/11/2025
1048,13.554,14/11/2025
1049,13.561,15/11/2025
1050,13.567,16/11/2025
1051,13.573,17/11/2025
1052,13.579,18/11/2025
1053,13.586,19/11/2025
1054,13.592,20/11/2025
1055,13.598,21/11/2025
1056,13.604,22/11/2025
1057,13.61,23/11/2025
1058,13.616,24/11/2025
1059,13.623,25/11/2025
1060,13.629,26/11/2025
1061,13.635,27/11/2025
1062,13.641,28/11/2025
1063,13.648,29/11/2025
1064,13.654,30/11/2025
1065,13.66,01/12/2025
1066,13.666,02/12/2025
1067,13.672,03/12/2025
1068,13.678,04/12/2025
1069,13.685,05/12/2025
1070,13.691,06/12/2025
1071,13.697,07/12/2025
1072,13.703,08/12/2025
1073,13.71,09/12/2025
1074,13.716,10/12/2025
1075,13.722,11/12/2025
1076,13.728,12/12/2025
1077,13.734,13/12/2025
1078,13.74,14/12/2025
1079,13.747,15/12/2025
1080,13.753,16/12/2025
1081,13.759,17/12/2025
1082,13.765,18/12/2025
1083,13.771,19/12/2025
1084,13.778,20/12/2025
1085,13.784,21/12/2025
1086,13.79,22/12/2025
1087,13.796,23/12/2025
1088,13.802,24/12/2025
1089,13.808,25/12/2025
1090,13.815,26/12/2025
1091,13.821,27/12/2025
1092,13.827,28/12/2025
1093,13.833,29/12/2025
1094,13.84,30/12/2025
1095,13.846,31/12/2025
1096,13.852,01/01/2026
1097,13.858,02/01/2026
1098,13.864,03/01/2026
1099,13.87,04/01/2026
1100,13.877,05/01/2026
1101,13.883,06/01/2026
1102,13.889,07/01/2026
1103,13.895,08/01/2026
1104,13.901,09/01/2026
1105,13.908,10/01/2026
1106,13.914,11/01/2026
1107,13.92,12/01/2026
1108,13.926,13/01/2026
1109,13.932,14/01/2026
1110,13.938,15/01/2026
1111,13.945,16/01/2026
1112,13.951,17/01/2026
1113,13.957,18/01/2026
1114,13.963,19/01/2026
1115,13.969,20/01/2026
1116,13.976,21/01/2026
1117,13.982,22/01/2026
1118,13.988,23/01/2026
1119,13.994,24/01/2026
1120,14,25/01/2026
1121,14.006,26/01/2026
1122,14.013,27/01/2026
1123,14.019,28/01/2026
1124,14.025,29/01/2026
1125,14.031,30/01/2026
1126,14.037,31/01/2026
1127,14.044,01/02/2026
1128,14.05,02/02/2026
1129,14.056,03/02/2026
1130,14.062,04/02/2026
1131,14.068,05/02/2026
1132,14.074,06/02/2026
1133,14.081,07/02/2026
1134,14.087,08/02/2026
1135,14.093,09/02/2026
1136,14.099,10/02/2026
1137,14.105,11/02/2026
1138,14.112,12/02/2026
1139,14.118,13/02/2026
1140,14.124,14/02/2026
1141,14.13,15/02/2026
1142,14.136,16/02/2026
1143,14.142,17/02/2026
1144,14.148,18/02/2026
1145,14.155,19/02/2026
1146,14.161,20/02/2026
1147,14.167,21/02/2026
1148,14.173,22/02/2026
1149,14.179,23/02/2026
1150,14.186,24/02/2026
1151,14.192,25/02/2026
1152,14.198,26/02/2026
1153,14.204,27/02/2026
1154,14.21,28/02/2026
1155,14.216,01/03/2026
1156,14.223,02/03/2026
1157,14.229,03/03/2026
1158,14.235,04/03/2026
1159,14.241,05/03/2026
1160,14.247,06/03/2026
1161,14.253,07/03/2026
1162,14.26,08/03/2026
1163,14.266,09/03/2026
1164,14.272,10/03/2026
1165,14.278,11/03/2026
1166,14.284,12/03/2026
1167,14.29,13/03/2026
1168,14.297,14/03/2026
1169,14.303,15/03/2026
1170,14.309,16/03/2026
1171,14.315,17/03/2026
1172,14.321,18/03/2026
1173,14.327,19/03/2026
1174,14.334,20/03/2026
1175,14.34,21/03/2026
1176,14.346,22/03/2026
1177,14.352,23/03/2026
1178,14.358,24/03/2026
1179,14.364,25/03/2026
1180,14.37,26/03/2026
1181,14.377,27/03/2026
1182,14.383,28/03/2026
1183,14.389,29/03/2026
1184,14.395,30/03/2026
1185,14.401,31/03/2026
1186,14.408,01/04/2026
1187,14.414,02/04/2026
1188,14.42,03/04/2026
1189,14.426,04/04/2026
1190,14.432,05/04/2026
1191,14.438,06/04/2026
1192,14.444,07/04/2026
1193,14.45,08/04/2026
1194,14.457,09/04/2026
1195,14.463,10/04/2026
1196,14.469,11/04/2026
1197,14.475,12/04/2026
1198,14.481,13/04/2026
1199,14.487,14/04/2026
1200,14.494,15/04/2026
1201,14.5,16/04/2026
1202,14.506,17/04/2026
1203,14.512,18/04/2026
1204,14.518,19/04/2026
1205,14.524,20/04/2026
1206,14.53,21/04/2026
1207,14.537,22/04/2026
1208,14.543,23/04/2026
1209,14.549,24/04/2026
1210,14.555,25/04/2026
1211,14.561,26/04/2026
1212,14.567,27/04/2026
1213,14.573,28/04/2026
1214,14.58,29/04/2026
1215,14.586,30/04/2026
1216,14.592,01/05/2026
1217,14.598,02/05/2026
1218,14.604,03/05/2026
1219,14.61,04/05/2026
1220,14.616,05/05/2026
1221,14.622,06/05/2026
1222,14.629,07/05/2026
1223,14.635,08/05/2026
1224,14.641,09/05/2026
1225,14.647,10/05/2026
1226,14.653,11/05/2026
1227,14.659,12/05/2026
1228,14.665,13/05/2026
1229,14.672,14/05/2026
1230,14.678,15/05/2026
1231,14.684,16/05/2026
1232,14.69,17/05/2026
1233,14.696,18/05/2026
1234,14.702,19/05/2026
1235,14.708,20/05/2026
1236,14.714,21/05/2026
1237,14.72,22/05/2026
1238,14.726,23/05/2026
1239,14.733,24/05/2026
1240,14.739,25/05/2026
1241,14.745,26/05/2026
1242,14.751,27/05/2026
1243,14.757,28/05/2026
1244,14.763,29/05/2026
1245,14.769,30/05/2026
1246,14.775,31/05/2026
1247,14.782,01/06/2026
1248,14.788,02/06/2026
1249,14.794,03/06/2026
1250,14.8,04/06/2026
1251,14.806,05/06/2026
1252,14.812,06/06/2026
1253,14.818,07/06/2026
1254,14.824,08/06/2026
1255,14.83,09/06/2026
1256,14.836,10/06/2026
1257,14.843,11/06/2026
1258,14.849,12/06/2026
1259,14.855,13/06/2026
1260,14.861,14/06/2026
1261,14.867,15/06/2026
1262,14.873,16/06/2026
1263,14.879,17/06/2026
1264,14.885,18/06/2026
1265,14.891,19/06/2026
1266,14.897,20/06/2026
1267,14.904,21/06/2026
1268,14.91,22/06/2026
1269,14.916,23/06/2026
1270,14.922,24/06/2026
1271,14.928,25/06/2026
1272,14.934,26/06/2026
1273,14.94,27/06/2026
1274,14.946,28/06/2026
1275,14.952,29/06/2026
1276,14.958,30/06/2026
1277,14.964,01/07/2026
1278,14.97,02/07/2026
1279,14.976,03/07/2026
1280,14.983,04/07/2026
1281,14.989,05/07/2026
1282,14.995,06/07/2026
1283,15.001,07/07/2026
1284,15.007,08/07/2026
1285,15.013,09/07/2026
1286,15.019,10/07/2026
1287,15.025,11/07/2026
1288,15.031,12/07/2026
1289,15.037,13/07/2026
1290,15.043,14/07/2026
1291,15.049,15/07/2026
1292,15.056,16/07/2026
1293,15.062,17/07/2026
1294,15.068,18/07/2026
1295,15.074,19/07/2026
1296,15.08,20/07/2026
1297,15.086,21/07/2026
1298,15.092,22/07/2026
1299,15.098,23/07/2026
1300,15.104,24/07/2026
1301,15.11,25/07/2026
1302,15.116,26/07/2026
1303,15.122,27/07/2026
1304,15.128,28/07/2026
1305,15.134,29/07/2026
1306,15.14,30/07/2026
1307,15.146,31/07/2026
1308,15.152,01/08/2026
1309,15.158,02/08/2026
1310,15.164,03/08/2026
1311,15.17,04/08/2026
1312,15.177,05/08/2026
1313,15.183,06/08/2026
1314,15.189,07/08/2026
1315,15.195,08/08/2026
1316,15.201,09/08/2026
1317,15.207,10/08/2026
1318,15.213,11/08/2026
1319,15.219,12/08/2026
1320,15.225,13/08/2026
1321,15.231,14/08/2026
1322,15.237,15/08/2026
1323,15.243,16/08/2026
1324,15.249,17/08/2026
1325,15.255,18/08/2026
1326,15.261,19/08/2026
1327,15.267,20/08/2026
1328,15.273,21/08/2026
1329,15.279,22/08/2026
1330,15.285,23/08/2026
1331,15.291,24/08/2026
1332,15.297,25/08/2026
1333,15.303,26/08/2026
1334,15.309,27/08/2026
1335,15.315,28/08/2026
1336,15.321,29/08/2026
1337,15.328,30/08/2026
1338,15.334,31/08/2026
1339,15.34,01/09/2026
1340,15.346,02/09/2026
1341,15.352,03/09/2026
1342,15.358,04/09/2026
1343,15.364,05/09/2026
1344,15.37,06/09/2026
1345,15.376,07/09/2026
1346,15.382,08/09/2026
1347,15.388,09/09/2026
1348,15.394,10/09/2026
1349,15.4,11/09/2026
1350,15.406,12/09/2026
1351,15.412,13/09/2026
1352,15.418,14/09/2026
1353,15.424,15/09/2026
1354,15.43,16/09/2026
1355,15.436,17/09/2026
1356,15.442,18/09/2026
1357,15.448,19/09/2026
1358,15.454,20/09/2026
1359,15.46,21/09/2026
1360,15.466,22/09/2026
1361,15.472,23/09/2026
1362,15.478,24/09/2026
1363,15.484,25/09/2026
1364,15.49,26/09/2026
1365,15.496,27/09/2026
1366,15.502,28/09/2026
1367,15.508,29/09/2026
1368,15.514,30/09/2026
1369,15.52,01/10/2026
1370,15.526,02/10/2026
1371,15.532,03/10/2026
1372,15.538,04/10/2026
1373,15.544,05/10/2026
1374,15.55,06/10/2026
1375,15.556,07/10/2026
1376,15.562,08/10/2026
1377,15.568,09/10/2026
1378,15.574,10/10/2026
1379,15.58,11/10/2026
1380,15.586,12/10/2026
1381,15.592,13/10/2026
1382,15.598,14/10/2026
1383,15.604,15/10/2026
1384,15.61,16/10/2026
1385,15.616,17/10/2026
1386,15.622,18/10/2026
1387,15.628,19/10/2026
1388,15.634,20/10/2026
1389,15.64,21/10/2026
1390,15.646,22/10/2026
1391,15.652,23/10/2026
1392,15.658,24/10/2026
1393,15.664,25/10/2026
1394,15.67,26/10/2026
1395,15.676,27/10/2026
1396,15.682,28/10/2026
1397,15.688,29/10/2026
1398,15.694,30/10/2026
1399,15.7,31/10/2026
1400,15.706,01/11/2026
1401,15.712,02/11/2026
1402,15.718,03/11/2026
1403,15.724,04/11/2026
1404,15.73,05/11/2026
1405,15.736,06/11/2026
1406,15.742,07/11/2026
1407,15.748,08/11/2026
1408,15.753,09/11/2026
1409,15.759,10/11/2026
1410,15.765,11/11/2026
1411,15.771,12/11/2026
1412,15.777,13/11/2026
1413,15.783,14/11/2026
1414,15.789,15/11/2026
1415,15.795,16/11/2026
1416,15.801,17/11/2026
1417,15.807,18/11/2026
1418,15.813,19/11/2026
1419,15.819,20/11/2026
1420,15.825,21/11/2026
1421,15.831,22/11/2026
1422,15.837,23/11/2026
1423,15.843,24/11/2026
1424,15.849,25/11/2026
1425,15.855,26/11/2026
1426,15.861,27/11/2026
1427,15.867,28/11/2026
1428,15.873,29/11/2026
1429,15.879,30/11/2026
1430,15.885,01/12/2026
1431,15.891,02/12/2026
1432,15.897,03/12/2026
1433,15.903,04/12/2026
1434,15.909,05/12/2026
1435,15.915,06/12/2026
1436,15.921,07/12/2026
1437,15.927,08/12/2026
1438,15.933,09/12/2026
1439,15.939,10/12/2026
1440,15.944,11/12/2026
1441,15.95,12/12/2026
1442,15.956,13/12/2026
1443,15.962,14/12/2026
1444,15.968,15/12/2026
1445,15.974,16/12/2026
1446,15.98,17/12/2026
1447,15.986,18/12/2026
1448,15.992,19/12/2026
1449,15.998,20/12/2026
1450,16.004,21/12/2026
1451,16.01,22/12/2026
1452,16.016,23/12/2026
1453,16.022,24/12/2026
1454,16.028,25/12/2026
1455,16.034,26/12/2026
1456,16.04,27/12/2026
1457,16.046,28/12/2026
1458,16.052,29/12/2026
1459,16.058,30/12/2026
1460,16.064,31/12/2026
1461,16.07,01/01/2027
1462,16.076,02/01/2027
1463,16.082,03/01/2027
1464,16.088,04/01/2027
1465,16.094,05/01/2027
1466,16.099,06/01/2027
1467,16.106,07/01/2027
1468,16.112,08/01/2027
1469,16.117,09/01/2027
1470,16.123,10/01/2027
1471,16.129,11/01/2027
1472,16.135,12/01/2027
1473,16.141,13/01/2027
1474,16.147,14/01/2027
1475,16.153,15/01/2027
1476,16.159,16/01/2027
1477,16.165,17/01/2027
1478,16.171,18/01/2027
1479,16.177,19/01/2027
1480,16.183,20/01/2027
1481,16.189,21/01/2027
1482,16.195,22/01/2027
1483,16.201,23/01/2027
1484,16.207,24/01/2027
1485,16.213,25/01/2027
1486,16.219,26/01/2027
1487,16.225,27/01/2027
1488,16.231,28/01/2027
1489,16.236,29/01/2027
1490,16.242,30/01/2027
1491,16.248,31/01/2027
1492,16.254,01/02/2027
1493,16.26,02/02/2027
1494,16.266,03/02/2027
1495,16.272,04/02/2027
1496,16.278,05/02/2027
1497,16.284,06/02/2027
1498,16.29,07/02/2027
1499,16.296,08/02/2027
1500,16.302,09/02/2027
1501,16.308,10/02/2027
1502,16.314,11/02/2027
1503,16.32,12/02/2027
1504,16.326,13/02/2027
1505,16.332,14/02/2027
1506,16.338,15/02/2027
1507,16.344,16/02/2027
1508,16.35,17/02/2027
1509,16.356,18/02/2027
1510,16.362,19/02/2027
1511,16.368,20/02/2027
1512,16.374,21/02/2027
1513,16.379,22/02/2027
1514,16.385,23/02/2027
1515,16.391,24/02/2027
1516,16.397,25/02/2027
1517,16.403,26/02/2027
1518,16.409,27/02/2027
1519,16.415,28/02/2027
1520,16.421,01/03/2027
1521,16.427,02/03/2027
1522,16.433,03/03/2027
1523,16.439,04/03/2027
1524,16.445,05/03/2027
1525,16.451,06/03/2027
1526,16.457,07/03/2027
1527,16.463,08/03/2027
1528,16.469,09/03/2027
1529,16.475,10/03/2027
1530,16.481,11/03/2027
1531,16.486,12/03/2027
1532,16.492,13/03/2027
1533,16.498,14/03/2027
1534,16.504,15/03/2027
1535,16.51,16/03/2027
1536,16.516,17/03/2027
1537,16.522,18/03/2027
1538,16.528,19/03/2027
1539,16.534,20/03/2027
1540,16.54,21/03/2027
1541,16.546,22/03/2027
1542,16.552,23/03/2027
1543,16.558,24/03/2027
1544,16.564,25/03/2027
1545,16.57,26/03/2027
1546,16.576,27/03/2027
1547,16.582,28/03/2027
1548,16.588,29/03/2027
1549,16.594,30/03/2027
1550,16.6,31/03/2027
1551,16.606,01/04/2027
1552,16.611,02/04/2027
1553,16.617,03/04/2027
1554,16.623,04/04/2027
1555,16.629,05/04/2027
1556,16.635,06/04/2027
1557,16.641,07/04/2027
1558,16.647,08/04/2027
1559,16.653,09/04/2027
1560,16.659,10/04/2027
1561,16.665,11/04/2027
1562,16.671,12/04/2027
1563,16.677,13/04/2027
1564,16.683,14/04/2027
1565,16.689,15/04/2027
1566,16.695,16/04/2027
1567,16.701,17/04/2027
1568,16.706,18/04/2027
1569,16.712,19/04/2027
1570,16.718,20/04/2027
1571,16.724,21/04/2027
1572,16.73,22/04/2027
1573,16.736,23/04/2027
1574,16.742,24/04/2027
1575,16.748,25/04/2027
1576,16.754,26/04/2027
1577,16.76,27/04/2027
1578,16.766,28/04/2027
1579,16.772,29/04/2027
1580,16.778,30/04/2027
1581,16.784,01/05/2027
1582,16.79,02/05/2027
1583,16.796,03/05/2027
1584,16.802,04/05/2027
1585,16.808,05/05/2027
1586,16.814,06/05/2027
1587,16.819,07/05/2027
1588,16.825,08/05/2027
1589,16.831,09/05/2027
1590,16.837,10/05/2027
1591,16.843,11/05/2027
1592,16.849,12/05/2027
1593,16.855,13/05/2027
1594,16.861,14/05/2027
1595,16.867,15/05/2027
1596,16.873,16/05/2027
1597,16.879,17/05/2027
1598,16.885,18/05/2027
1599,16.891,19/05/2027
1600,16.897,20/05/2027
1601,16.902,21/05/2027
1602,16.908,22/05/2027
1603,16.914,23/05/2027
1604,16.92,24/05/2027
1605,16.926,25/05/2027
1606,16.932,26/05/2027
1607,16.938,27/05/2027
1608,16.944,28/05/2027
1609,16.95,29/05/2027
1610,16.956,30/05/2027
1611,16.962,31/05/2027
1612,16.968,01/06/2027
1613,16.974,02/06/2027
1614,16.98,03/06/2027
1615,16.986,04/06/2027
1616,16.992,05/06/2027
1617,16.997,06/06/2027
1618,17.003,07/06/2027
1619,17.009,08/06/2027
1620,17.015,09/06/2027
1621,17.021,10/06/2027
1622,17.027,11/06/2027
1623,17.033,12/06/2027
1624,17.039,13/06/2027
1625,17.045,14/06/2027
1626,17.051,15/06/2027
1627,17.057,16/06/2027
1628,17.063,17/06/2027
1629,17.068,18/06/2027
1630,17.074,19/06/2027
1631,17.08,20/06/2027
1632,17.086,21/06/2027
1633,17.092,22/06/2027
1634,17.098,23/06/2027
1635,17.104,24/06/2027
1636,17.11,25/06/2027
1637,17.116,26/06/2027
1638,17.122,27/06/2027
1639,17.128,28/06/2027
1640,17.134,29/06/2027
1641,17.14,30/06/2027
1642,17.146,01/07/2027
1643,17.151,02/07/2027
1644,17.157,03/07/2027
1645,17.163,04/07/2027
1646,17.169,05/07/2027
1647,17.175,06/07/2027
1648,17.181,07/07/2027
1649,17.187,08/07/2027
1650,17.193,09/07/2027
1651,17.199,10/07/2027
1652,17.205,11/07/2027
1653,17.21,12/07/2027
1654,17.216,13/07/2027
1655,17.222,14/07/2027
1656,17.228,15/07/2027
1657,17.234,16/07/2027
1658,17.24,17/07/2027
1659,17.246,18/07/2027
1660,17.252,19/07/2027
1661,17.258,20/07/2027
1662,17.264,21/07/2027
1663,17.27,22/07/2027
1664,17.275,23/07/2027
1665,17.281,24/07/2027
1666,17.287,25/07/2027
1667,17.293,26/07/2027
1668,17.299,27/07/2027
1669,17.305,28/07/2027
1670,17.311,29/07/2027
1671,17.317,30/07/2027
1672,17.323,31/07/2027
1673,17.328,01/08/2027
1674,17.334,02/08/2027
1675,17.34,03/08/2027
1676,17.346,04/08/2027
1677,17.352,05/08/2027
1678,17.358,06/08/2027
1679,17.364,07/08/2027
1680,17.37,08/08/2027
1681,17.376,09/08/2027
1682,17.382,10/08/2027
1683,17.387,11/08/2027
1684,17.393,12/08/2027
1685,17.399,13/08/2027
1686,17.405,14/08/2027
1687,17.411,15/08/2027
1688,17.417,16/08/2027
1689,17.423,17/08/2027
1690,17.428,18/08/2027
1691,17.434,19/08/2027
1692,17.44,20/08/2027
1693,17.446,21/08/2027
1694,17.452,22/08/2027
1695,17.458,23/08/2027
1696,17.464,24/08/2027
1697,17.47,25/08/2027
1698,17.476,26/08/2027
1699,17.481,27/08/2027
1700,17.487,28/08/2027
1701,17.493,29/08/2027
1702,17.499,30/08/2027
1703,17.505,31/08/2027
1704,17.511,01/09/2027
1705,17.517,02/09/2027
1706,17.522,03/09/2027
1707,17.528,04/09/2027
1708,17.534,05/09/2027
1709,17.54,06/09/2027
1710,17.546,07/09/2027
1711,17.552,08/09/2027
1712,17.558,09/09/2027
1713,17.563,10/09/2027
1714,17.569,11/09/2027
1715,17.575,12/09/2027
1716,17.581,13/09/2027
1717,17.587,14/09/2027
1718,17.593,15/09/2027
1719,17.598,16/09/2027
1720,17.604,17/09/2027
1721,17.61,18/09/2027
1722,17.616,19/09/2027
1723,17.622,20/09/2027
1724,17.628,21/09/2027
1725,17.634,22/09/2027
1726,17.639,23/09/2027
1727,17.645,24/09/2027
1728,17.651,25/09/2027
1729,17.657,26/09/2027
1730,17.663,27/09/2027
1731,17.669,28/09/2027
1732,17.674,29/09/2027
1733,17.68,30/09/2027
1734,17.686,01/10/2027
1735,17.692,02/10/2027
1736,17.698,03/10/2027
1737,17.704,04/10/2027
1738,17.71,05/10/2027
1739,17.715,06/10/2027
1740,17.721,07/10/2027
1741,17.727,08/10/2027
1742,17.733,09/10/2027
1743,17.739,10/10/2027
1744,17.744,11/10/2027
1745,17.75,12/10/2027
1746,17.756,13/10/2027
1747,17.762,14/10/2027
1748,17.768,15/10/2027
1749,17.774,16/10/2027
1750,17.779,17/10/2027
1751,17.785,18/10/2027
1752,17.791,19/10/2027
1753,17.797,20/10/2027
1754,17.803,21/10/2027
1755,17.808,22/10/2027
1756,17.814,23/10/2027
1757,17.82,24/10/2027
1758,17.826,25/10/2027
1759,17.832,26/10/2027
1760,17.837,27/10/2027
1761,17.843,28/10/2027
1762,17.849,29/10/2027
1763,17.855,30/10/2027
1764,17.861,31/10/2027
1765,17.866,01/11/2027
1766,17.872,02/11/2027
1767,17.878,03/11/2027
1768,17.884,04/11/2027
1769,17.89,05/11/2027
1770,17.895,06/11/2027
1771,17.901,07/11/2027
1772,17.907,08/11/2027
1773,17.913,09/11/2027
1774,17.919,10/11/2027
1775,17.924,11/11/2027
1776,17.93,12/11/2027
1777,17.936,13/11/2027
1778,17.942,14/11/2027
1779,17.948,15/11/2027
1780,17.953,16/11/2027
1781,17.959,17/11/2027
1782,17.965,18/11/2027
1783,17.971,19/11/2027
1784,17.976,20/11/2027
1785,17.982,21/11/2027
1786,17.988,22/11/2027
1787,17.994,23/11/2027
1788,18,24/11/2027
1789,18.005,25/11/2027
1790,18.011,26/11/2027
1791,18.017,27/11/2027
1792,18.022,28/11/2027
1793,18.028,29/11/2027
1794,18.034,30/11/2027
1795,18.04,01/12/2027
1796,18.046,02/12/2027
1797,18.051,03/12/2027
1798,18.057,04/12/2027
1799,18.063,05/12/2027
1800,18.069,06/12/2027
1801,18.074,07/12/2027
1802,18.08,08/12/2027
1803,18.086,09/12/2027
1804,18.092,10/12/2027
1805,18.097,11/12/2027
1806,18.103,12/12/2027
1807,18.109,13/12/2027
1808,18.115,14/12/2027
1809,18.12,15/12/2027
1810,18.126,16/12/2027
1811,18.132,17/12/2027
1812,18.138,18/12/2027
1813,18.143,19/12/2027
1814,18.149,20/12/2027
1815,18.155,21/12/2027
1816,18.161,22/12/2027
1817,18.166,23/12/2027
1818,18.172,24/12/2027
1819,18.178,25/12/2027
1820,18.184,26/12/2027
1821,18.189,27/12/2027
1822,18.195,28/12/2027
1823,18.201,29/12/2027
1824,18.206,30/12/2027
1825,18.212,31/12/2027
1826,18.218,01/01/2028
1827,18.224,02/01/2028
1828,18.229,03/01/2028
1829,18.235,04/01/2028
1830,18.241,05/01/2028
1831,18.246,06/01/2028
1832,18.252,07/01/2028
1833,18.258,08/01/2028
1834,18.264,09/01/2028
1835,18.269,10/01/2028
1836,18.275,11/01/2028
1837,18.281,12/01/2028
1838,18.286,13/01/2028
1839,18.292,14/01/2028
1840,18.298,15/01/2028
1841,18.304,16/01/2028
1842,18.309,17/01/2028
1843,18.315,18/01/2028
1844,18.321,19/01/2028
1845,18.326,20/01/2028
1846,18.332,21/01/2028
1847,18.338,22/01/2028
1848,18.344,23/01/2028
1849,18.349,24/01/2028
1850,18.355,25/01/2028
1851,18.361,26/01/2028
1852,18.366,27/01/2028
1853,18.372,28/01/2028
1854,18.378,29/01/2028
1855,18.383,30/01/2028
1856,18.389,31/01/2028
1856,18.389,31/01/2028
1856,18.389,31/01/2028
1856,18.389,31/01/2028
1856,18.389,31/01/2028
1856,18.389,31/01/2028
1856,18.389,31/01/2028
1856,18.389,31/01/2028
1856,18.389,31/01/2028
1856,18.389,31/01/2028
1856,18.389,31/01/2028
1856,18.389,31/01/2028
1856,18.389,31/01/2028
1856,18.389,31/01/2028
1856,18.389,31/01/2028
1856,18.389,31/01/2028
1856,18.389,31/01/2028
1856,18.389,31/01/2028
1856,18.389,31/01/2028
1856,18.389,31/01/2028
1856,18.389,31/01/2028
1856,18.389,31/01/2028
1856,18.389,31/01/2028
1856,18.389,31/01/2028
1856,18.389,31/01/2028
1856,18.389,31/01/2028
1856,18.389,31/01/2028
1856,18.389,31/01/2028
1856,18.389,31/01/2028
1856,18.389,31/01/2028
1856,18.389,31/01/2028
1856,18.389,31/01/2028
1856,18.389,31/01/2028
1856,18.389,31/01/2028
1856,18.389,31/01/2028
1856,18.389,31/01/2028
1856,18.389,31/01/2028
1856,18.389,31/01/2028
1856,18.389,31/01/2028
1856,18.389,31/01/2028
1856,18.389,31/01/2028
1856,18.389,31/01/2028
1856,18.389,31/01/2028
1856,18.389,31/01/2028
1856,18.389,31/01/2028
1856,18.389,31/01/2028
1856,18.389,31/01/2028
1856,18.389,31/01/2028
1856,18.389,31/01/2028
1856,18.389,31/01/2028
1856,18.389,31/01/2028
1856,18.389,31/01/2028
1856,18.389,31/01/2028
1856,18.389,31/01/2028
1856,18.389,31/01/2028
1856,18.389,31/01/2028
1856,18.389,31/01/2028
1856,18.389,31/01/2028
1856,18.389,31/01/2028
1856,18.389,31/01/2028
1856,18.389,31/01/2028
1856,18.389,31/01/2028
1856,18.389,31/01/2028
1856,18.389,31/01/2028
1856,18.389,31/01/2028
1856,18.389,31/01/2028
1856,18.389,31/01/2028
1856,18.389,31/01/2028
1856,18.389,31/01/2028
1856,18.389,31/01/2028
1856,18.389,31/01/2028
1856,18.389,31/01/2028
1856,18.389,31/01/2028
1856,18.389,31/01/2028
1856,18.389,31/01/2028
1856,18.389,31/01/2028
1856,18.389,31/01/2028
1856,18.389,31/01/2028
1856,18.389,31/01/2028
1856,18.389,31/01/2028
1856,18.389,31/01/2028
1856,18.389,31/01/2028
1856,18.389,31/01/2028
1856,18.389,31/01/2028
1856,18.389,31/01/2028
1856,18.389,31/01/2028
1856,18.389,31/01/2028
1856,18.389,31/01/2028
1856,18.389,31/01/2028
1856,18.389,31/01/2028
1856,18.389,31/01/2028
1856,18.389,31/01/2028
1856,18.389,31/01/2028
1856,18.389,31/01/2028
1856,18.389,31/01/2028
1856,18.389,31/01/2028
1856,18.389,31/01/2028
1856,18.389,31/01/2028
1856,18.389,31/01/2028
1856,18.389,31/01/2028
1856,18.389,31/01/2028
1856,18.389,31/01/2028
1856,18.389,31/01/2028
1856,18.389,31/01/2028
1856,18.389,31/01/2028
1856,18.389,31/01/2028
1856,18.389,31/01/2028
1856,18.389,31/01/2028
1856,18.389,31/01/2028
1856,18.389,31/01/2028
1856,18.389,31/01/2028
1856,18.389,31/01/2028
1856,18.389,31/01/2028
1856,18.389,31/01/2028
1856,18.389,31/01/2028
1856,18.389,31/01/2028
1856,18.389,31/01/2028
1856,18.389,31/01/2028
1856,18.389,31/01/2028
1856,18.389,31/01/2028
1856,18.389,31/01/2028
1856,18.389,31/01/2028
1856,18.389,31/01/2028
1856,18.389,31/01/2028
1856,18.389,31/01/2028
1856,18.389,31/01/2028
1856,18.389,31/01/2028
1856,18.389,31/01/2028
1856,18.389,31/01/2028
1856,18.389,31/01/2028
1856,18.389,31/01/2028
1856,18.389,31/01/2028
1856,18.389,31/01/2028
1856,18.389,31/01/2028
1856,18.389,31/01/2028
1856,18.389,31/01/2028
1856,18.389,31/01/2028
1856,18.389,31/01/2028
1856,18.389,31/01/2028
