AIN58XS IS HARD,AIN58XS IS HARD,AIN58XS IS HARD,AIN58XS IS HARD
Day,Week,Mass,Date
AIN58XS IS HARD,AIN58XS IS HARD,AIN58XS IS HARD,AIN58XS IS HARD
,,,
0,1,3.232,01/01/2023
AIN58XS IS HARD,AIN58XS IS HARD,AIN58XS IS HARD,AIN58XS IS HARD
,,,
AIN58XS IS HARD,AIN58XS IS HARD,AIN58XS IS HARD,AIN58XS IS HARD
1,1,3.196,02/01/2023
2,1,-9,03/01/2023
3,1,3.232,04/01/2023
4,1,-9,05/01/2023
5,1,3.282,06/01/2023
6,1,,07/01/2023
7,2,3.339,08/01/2023
8,2,3.369,09/01/2023
9,2,,10/01/2023
10,2,3.431,11/01/2023
11,2,3.464,12/01/2023
12,2,3.498,13/01/2023
13,2,3.533,14/01/2023
14,3,3.569,15/01/2023
15,3,3.606,16/01/2023
16,3,3.644,17/01/2023
17,3,3.682,18/01/2023
18,3,3.72,19/01/2023
19,3,3.758,20/01/2023
20,3,3.797,21/01/2023
21,4,3.835,22/01/2023
22,4,3.874,23/01/2023
23,4,3.912,24/01/2023
24,4,3.95,25/01/2023
25,4,3.987,26/01/2023
26,4,4.025,27/01/2023
27,4,4.062,28/01/2023
28,5,4.099,29/01/2023
29,5,4.135,30/01/2023
30,5,4.172,31/01/2023
31,5,4.208,01/02/2023
32,5,4.243,02/02/2023
33,5,4.278,03/02/2023
34,5,4.313,04/02/2023
35,6,4.348,05/02/2023
36,6,4.382,06/02/2023
37,6,4.416,07/02/2023
38,6,4.449,08/02/2023
39,6,4.482,09/02/2023
40,6,4.515,10/02/2023
41,6,4.547,11/02/2023
42,7,4.579,12/02/2023
43,7,4.611,13/02/2023
44,7,4.642,14/02/2023
45,7,4.674,15/02/2023
46,7,4.704,16/02/2023
47,7,4.735,17/02/2023
48,7,4.765,18/02/2023
49,8,4.795,19/02/2023
50,8,4.824,20/02/2023
51,8,4.854,21/02/2023
52,8,4.883,22/02/2023
53,8,4.912,23/02/2023
54,8,4.94,24/02/2023
55,8,4.968,25/02/2023
56,9,4.996,26/02/2023
57,9,5.024,27/02/2023
58,9,5.051,28/02/2023
59,9,5.078,01/03/2023
60,9,5.105,02/03/2023
61,9,5.132,03/03/2023
62,9,5.158,04/03/2023
63,10,5.184,05/03/2023
64,10,5.21,06/03/2023
65,10,5.236,07/03/2023
66,10,5.262,08/03/2023
67,10,5.287,09/03/2023
68,10,5.312,10/03/2023
69,10,5.337,11/03/2023
70,11,5.362,12/03/2023
71,11,5.386,13/03/2023
72,11,5.411,14/03/2023
73,11,5.435,15/03/2023
74,11,5.459,16/03/2023
75,11,5.482,17/03/2023
76,11,5.506,18/03/2023
77,12,5.53,19/03/2023
78,12,5.553,20/03/2023
79,12,5.576,21/03/2023
80,12,5.599,22/03/2023
81,12,5.621,23/03/2023
82,12,5.644,24/03/2023
83,12,5.666,25/03/2023
84,13,5.688,26/03/2023
85,13,5.71,27/03/2023
86,13,5.732,28/03/2023
87,13,5.754,29/03/2023
88,13,5.776,30/03/2023
89,13,5.797,31/03/2023
90,13,5.818,01/04/2023
91,14,5.839,02/04/2023
92,14,5.86,03/04/2023
93,14,5.881,04/04/2023
94,14,5.902,05/04/2023
95,14,5.922,06/04/2023
96,14,5.943,07/04/2023
97,14,5.963,08/04/2023
98,15,5.983,09/04/2023
99,15,6.003,10/04/2023
100,15,6.023,11/04/2023
101,15,6.043,12/04/2023
102,15,6.062,13/04/2023
103,15,6.082,14/04/2023
104,15,6.101,15/04/2023
105,16,6.12,16/04/2023
106,16,6.139,17/04/2023
107,16,6.158,18/04/2023
108,16,6.177,19/04/2023
109,16,6.196,20/04/2023
110,16,6.214,21/04/2023
111,16,6.233,22/04/2023
112,17,6.251,23/04/2023
113,17,6.269,24/04/2023
114,17,6.287,25/04/2023
115,17,6.305,26/04/2023
116,17,6.323,27/04/2023
117,17,6.341,28/04/2023
118,17,6.359,29/04/2023
119,18,6.376,30/04/2023
120,18,6.394,01/05/2023
121,18,6.411,02/05/2023
122,18,6.428,03/05/2023
123,18,6.445,04/05/2023
124,18,6.462,05/05/2023
125,18,6.479,06/05/2023
126,19,6.496,07/05/2023
127,19,6.512,08/05/2023
128,19,6.529,09/05/2023
129,19,6.545,10/05/2023
130,19,6.562,11/05/2023
131,19,6.578,12/05/2023
132,19,6.594,13/05/2023
133,20,6.61,14/05/2023
134,20,6.626,15/05/2023
135,20,6.642,16/05/2023
136,20,6.657,17/05/2023
137,20,6.673,18/05/2023
138,20,6.688,19/05/2023
139,20,6.704,20/05/2023
140,21,6.719,21/05/2023
141,21,6.734,22/05/2023
142,21,6.75,23/05/2023
143,21,6.765,24/05/2023
144,21,6.78,25/05/2023
145,21,6.794,26/05/2023
146,21,6.809,27/05/2023
147,22,6.824,28/05/2023
148,22,6.838,29/05/2023
149,22,6.853,30/05/2023
150,22,6.867,31/05/2023
151,22,6.882,01/06/2023
152,22,6.896,02/06/2023
153,22,6.91,03/06/2023
154,23,6.924,04/06/2023
155,23,6.938,05/06/2023
156,23,6.952,06/06/2023
157,23,6.966,07/06/2023
158,23,6.98,08/06/2023
159,23,6.993,09/06/2023
160,23,7.007,10/06/2023
161,24,7.02,11/06/2023
162,24,7.034,12/06/2023
163,24,7.047,13/06/2023
164,24,7.061,14/06/2023
165,24,7.074,15/06/2023
166,24,7.087,16/06/2023
167,24,7.1,17/06/2023
168,25,7.113,18/06/2023
169,25,7.126,19/06/2023
170,25,7.139,20/06/2023
171,25,7.152,21/06/2023
172,25,7.165,22/06/2023
173,25,7.178,23/06/2023
174,25,7.19,24/06/2023
175,26,7.203,25/06/2023
176,26,7.215,26/06/2023
177,26,7.228,27/06/2023
178,26,7.24,28/06/2023
179,26,7.253,29/06/2023
180,26,7.265,30/06/2023
181,26,7.277,01/07/2023
182,27,7.289,02/07/2023
183,27,7.302,03/07/2023
184,27,7.314,04/07/2023
185,27,7.326,05/07/2023
186,27,7.338,06/07/2023
187,27,7.35,07/07/2023
188,27,7.361,08/07/2023
189,28,7.373,09/07/2023
190,28,7.385,10/07/2023
191,28,7.397,11/07/2023
192,28,7.408,12/07/2023
193,28,7.42,13/07/2023
194,28,7.431,14/07/2023
195,28,7.443,15/07/2023
196,29,7.454,16/07/2023
197,29,7.466,17/07/2023
198,29,7.477,18/07/2023
199,29,7.488,19/07/2023
200,29,7.5,20/07/2023
201,29,7.511,21/07/2023
202,29,7.522,22/07/2023
203,30,7.533,23/07/2023
204,30,7.544,24/07/2023
205,30,7.555,25/07/2023
206,30,7.566,26/07/2023
207,30,7.577,27/07/2023
208,30,7.588,28/07/2023
209,30,7.599,29/07/2023
210,31,7.609,30/07/2023
211,31,7.62,31/07/2023
212,31,7.631,01/08/2023
213,31,7.642,02/08/2023
214,31,7.652,03/08/2023
215,31,7.663,04/08/2023
216,31,7.673,05/08/2023
217,32,7.684,06/08/2023
218,32,7.694,07/08/2023
219,32,7.705,08/08/2023
220,32,7.715,09/08/2023
221,32,7.725,10/08/2023
222,32,7.736,11/08/2023
223,32,7.746,12/08/2023
224,33,7.756,13/08/2023
225,33,7.766,14/08/2023
226,33,7.777,15/08/2023
227,33,7.787,16/08/2023
228,33,7.797,17/08/2023
229,33,7.807,18/08/2023
230,33,7.817,19/08/2023
231,34,7.827,20/08/2023
232,34,7.837,21/08/2023
233,34,7.847,22/08/2023
234,34,7.857,23/08/2023
235,34,7.866,24/08/2023
236,34,7.876,25/08/2023
237,34,7.886,26/08/2023
238,35,7.896,27/08/2023
239,35,7.905,28/08/2023
240,35,7.915,29/08/2023
241,35,7.925,30/08/2023
242,35,7.934,31/08/2023
243,35,7.944,01/09/2023
244,35,7.953,02/09/2023
245,36,7.963,03/09/2023
246,36,7.972,04/09/2023
247,36,7.982,05/09/2023
248,36,7.991,06/09/2023
249,36,8.001,07/09/2023
250,36,8.01,08/09/2023
251,36,8.019,09/09/2023
252,37,8.029,10/09/2023
253,37,8.038,11/09/2023
254,37,8.047,12/09/2023
255,37,8.056,13/09/2023
256,37,8.066,14/09/2023
257,37,8.075,15/09/2023
258,37,8.084,16/09/2023
259,38,8.093,17/09/2023
260,38,8.102,18/09/2023
261,38,8.111,19/09/2023
262,38,8.12,20/09/2023
263,38,8.129,21/09/2023
264,38,8.138,22/09/2023
265,38,8.147,23/09/2023
266,39,8.156,24/09/2023
267,39,8.164,25/09/2023
268,39,8.173,26/09/2023
269,39,8.182,27/09/2023
270,39,8.191,28/09/2023
271,39,8.2,29/09/2023
272,39,8.208,30/09/2023
273,40,8.217,01/10/2023
274,40,8.226,02/10/2023
275,40,8.235,03/10/2023
276,40,8.243,04/10/2023
277,40,8.252,05/10/2023
278,40,8.26,06/10/2023
279,40,8.269,07/10/2023
280,41,8.278,08/10/2023
281,41,8.286,09/10/2023
282,41,8.295,10/10/2023
283,41,8.303,11/10/2023
284,41,8.312,12/10/2023
285,41,8.32,13/10/2023
286,41,8.328,14/10/2023
287,42,8.337,15/10/2023
288,42,8.345,16/10/2023
289,42,8.354,17/10/2023
290,42,8.362,18/10/2023
291,42,8.37,19/10/2023
292,42,8.379,20/10/2023
293,42,8.387,21/10/2023
294,43,8.395,22/10/2023
295,43,8.404,23/10/2023
296,43,8.412,24/10/2023
297,43,8.42,25/10/2023
298,43,8.428,26/10/2023
299,43,8.436,27/10/2023
300,43,8.444,28/10/2023
301,44,8.453,29/10/2023
302,44,8.461,30/10/2023
303,44,8.469,31/10/2023
304,44,8.477,01/11/2023
305,44,8.485,02/11/2023
306,44,8.493,03/11/2023
307,44,8.501,04/11/2023
308,45,8.509,05/11/2023
309,45,8.517,06/11/2023
310,45,8.525,07/11/2023
311,45,8.533,08/11/2023
312,45,8.541,09/11/2023
313,45,8.549,10/11/2023
314,45,8.557,11/11/2023
315,46,8.565,12/11/2023
316,46,8.573,13/11/2023
317,46,8.581,14/11/2023
318,46,8.589,15/11/2023
319,46,8.596,16/11/2023
320,46,8.604,17/11/2023
321,46,8.612,18/11/2023
322,47,8.62,19/11/2023
323,47,8.628,20/11/2023
324,47,8.636,21/11/2023
325,47,8.644,22/11/2023
326,47,8.651,23/11/2023
327,47,8.659,24/11/2023
328,47,8.667,25/11/2023
329,48,8.674,26/11/2023
330,48,8.682,27/11/2023
331,48,8.69,28/11/2023
332,48,8.698,29/11/2023
333,48,8.705,30/11/2023
334,48,8.713,01/12/2023
335,48,8.721,02/12/2023
336,49,8.728,03/12/2023
337,49,8.736,04/12/2023
338,49,8.744,05/12/2023
339,49,8.751,06/12/2023
340,49,8.759,07/12/2023
341,49,8.766,08/12/2023
342,49,8.774,09/12/2023
343,50,8.782,10/12/2023
344,50,8.789,11/12/2023
345,50,8.797,12/12/2023
346,50,8.804,13/12/2023
347,50,8.812,14/12/2023
348,50,8.819,15/12/2023
349,50,8.827,16/12/2023
350,51,8.834,17/12/2023
351,51,8.842,18/12/2023
352,51,8.85,19/12/2023
353,51,8.857,20/12/2023
354,51,8.864,21/12/2023
355,51,8.872,22/12/2023
356,51,8.879,23/12/2023
357,52,8.887,24/12/2023
358,52,8.894,25/12/2023
359,52,8.902,26/12/2023
360,52,8.909,27/12/2023
361,52,8.917,28/12/2023
362,52,8.924,29/12/2023
363,52,8.931,30/12/2023
364,53,8.939,31/12/2023
365,53,8.946,01/01/2024
366,53,8.954,02/01/2024
367,53,8.961,03/01/2024
368,53,8.968,04/01/2024
369,53,8.976,05/01/2024
370,53,8.983,06/01/2024
371,54,8.99,07/01/2024
372,54,8.998,08/01/2024
373,54,9.005,09/01/2024
374,54,9.012,10/01/2024
375,54,9.02,11/01/2024
376,54,9.027,12/01/2024
377,54,9.034,13/01/2024
378,55,9.042,14/01/2024
379,55,9.049,15/01/2024
380,55,9.056,16/01/2024
381,55,9.064,17/01/2024
382,55,9.071,18/01/2024
383,55,9.078,19/01/2024
384,55,9.085,20/01/2024
385,56,9.093,21/01/2024
386,56,9.1,22/01/2024
387,56,9.107,23/01/2024
388,56,9.114,24/01/2024
389,56,9.122,25/01/2024
390,56,9.129,26/01/2024
391,56,9.136,27/01/2024
392,57,9.143,28/01/2024
393,57,9.151,29/01/2024
394,57,9.158,30/01/2024
395,57,9.165,31/01/2024
396,57,9.172,01/02/2024
397,57,9.179,02/02/2024
398,57,9.187,03/02/2024
399,58,9.194,04/02/2024
400,58,9.201,05/02/2024
401,58,9.208,06/02/2024
402,58,9.215,07/02/2024
403,58,9.222,08/02/2024
404,58,9.23,09/02/2024
405,58,9.237,10/02/2024
406,59,9.244,11/02/2024
407,59,9.251,12/02/2024
408,59,9.258,13/02/2024
409,59,9.265,14/02/2024
410,59,9.272,15/02/2024
411,59,9.28,16/02/2024
412,59,9.287,17/02/2024
413,60,9.294,18/02/2024
414,60,9.301,19/02/2024
415,60,9.308,20/02/2024
416,60,9.315,21/02/2024
417,60,9.322,22/02/2024
418,60,9.329,23/02/2024
419,60,9.336,24/02/2024
420,61,9.344,25/02/2024
421,61,9.351,26/02/2024
422,61,9.358,27/02/2024
423,61,9.365,28/02/2024
424,61,9.372,29/02/2024
425,61,9.379,01/03/2024
426,61,9.386,02/03/2024
427,62,9.393,03/03/2024
428,62,9.4,04/03/2024
429,62,9.407,05/03/2024
430,62,9.414,06/03/2024
431,62,9.421,07/03/2024
432,62,9.428,08/03/2024
433,62,9.436,09/03/2024
434,63,9.443,10/03/2024
435,63,9.45,11/03/2024
436,63,9.457,12/03/2024
437,63,9.464,13/03/2024
438,63,9.471,14/03/2024
439,63,9.478,15/03/2024
440,63,9.485,16/03/2024
441,64,9.492,17/03/2024
442,64,9.499,18/03/2024
443,64,9.506,19/03/2024
444,64,9.513,20/03/2024
445,64,9.52,21/03/2024
446,64,9.527,22/03/2024
447,64,9.534,23/03/2024
448,65,9.541,24/03/2024
449,65,9.548,25/03/2024
450,65,9.555,26/03/2024
451,65,9.562,27/03/2024
452,65,9.569,28/03/2024
453,65,9.576,29/03/2024
454,65,9.583,30/03/2024
455,66,9.59,31/03/2024
456,66,9.597,01/04/2024
457,66,9.604,02/04/2024
458,66,9.611,03/04/2024
459,66,9.618,04/04/2024
460,66,9.625,05/04/2024
461,66,9.632,06/04/2024
462,67,9.639,07/04/2024
463,67,9.646,08/04/2024
464,67,9.653,09/04/2024
465,67,9.66,10/04/2024
466,67,9.666,11/04/2024
467,67,9.674,12/04/2024
468,67,9.68,13/04/2024
469,68,9.687,14/04/2024
470,68,9.694,15/04/2024
471,68,9.701,16/04/2024
472,68,9.708,17/04/2024
473,68,9.715,18/04/2024
474,68,9.722,19/04/2024
475,68,9.729,20/04/2024
476,69,9.736,21/04/2024
477,69,9.743,22/04/2024
478,69,9.75,23/04/2024
479,69,9.757,24/04/2024
480,69,9.764,25/04/2024
481,69,9.771,26/04/2024
482,69,9.778,27/04/2024
483,70,9.785,28/04/2024
484,70,9.792,29/04/2024
485,70,9.798,30/04/2024
486,70,9.805,01/05/2024
487,70,9.812,02/05/2024
488,70,9.819,03/05/2024
489,70,9.826,04/05/2024
490,71,9.833,05/05/2024
491,71,9.84,06/05/2024
492,71,9.847,07/05/2024
493,71,9.854,08/05/2024
494,71,9.861,09/05/2024
495,71,9.868,10/05/2024
496,71,9.875,11/05/2024
497,72,9.882,12/05/2024
498,72,9.888,13/05/2024
499,72,9.895,14/05/2024
500,72,9.902,15/05/2024
501,72,9.909,16/05/2024
502,72,9.916,17/05/2024
503,72,9.923,18/05/2024
504,73,9.93,19/05/2024
505,73,9.937,20/05/2024
506,73,9.944,21/05/2024
507,73,9.951,22/05/2024
508,73,9.958,23/05/2024
509,73,9.964,24/05/2024
510,73,9.971,25/05/2024
511,74,9.978,26/05/2024
512,74,9.985,27/05/2024
513,74,9.992,28/05/2024
514,74,9.999,29/05/2024
515,74,10.006,30/05/2024
516,74,10.013,31/05/2024
517,74,10.02,01/06/2024
518,75,10.026,02/06/2024
519,75,10.033,03/06/2024
520,75,10.04,04/06/2024
521,75,10.047,05/06/2024
522,75,10.054,06/06/2024
523,75,10.061,07/06/2024
524,75,10.068,08/06/2024
525,76,10.075,09/06/2024
526,76,10.082,10/06/2024
527,76,10.088,11/06/2024
528,76,10.095,12/06/2024
529,76,10.102,13/06/2024
530,76,10.109,14/06/2024
531,76,10.116,15/06/2024
532,77,10.123,16/06/2024
533,77,10.13,17/06/2024
534,77,10.136,18/06/2024
535,77,10.143,19/06/2024
536,77,10.15,20/06/2024
537,77,10.157,21/06/2024
538,77,10.164,22/06/2024
539,78,10.171,23/06/2024
540,78,10.178,24/06/2024
541,78,10.184,25/06/2024
542,78,10.191,26/06/2024
543,78,10.198,27/06/2024
544,78,10.205,28/06/2024
545,78,10.212,29/06/2024
546,79,10.219,30/06/2024
547,79,10.226,01/07/2024
548,79,10.232,02/07/2024
549,79,10.239,03/07/2024
550,79,10.246,04/07/2024
551,79,10.253,05/07/2024
552,79,10.26,06/07/2024
553,80,10.267,07/07/2024
554,80,10.273,08/07/2024
555,80,10.28,09/07/2024
556,80,10.287,10/07/2024
557,80,10.294,11/07/2024
558,80,10.301,12/07/2024
559,80,10.308,13/07/2024
560,81,10.314,14/07/2024
561,81,10.321,15/07/2024
562,81,10.328,16/07/2024
563,81,10.335,17/07/2024
564,81,10.342,18/07/2024
565,81,10.349,19/07/2024
566,81,10.355,20/07/2024
567,82,10.362,21/07/2024
568,82,10.369,22/07/2024
569,82,10.376,23/07/2024
570,82,10.383,24/07/2024
571,82,10.39,25/07/2024
572,82,10.396,26/07/2024
573,82,10.403,27/07/2024
574,83,10.41,28/07/2024
575,83,10.417,29/07/2024
576,83,10.424,30/07/2024
577,83,10.43,31/07/2024
578,83,10.437,01/08/2024
579,83,10.444,02/08/2024
580,83,10.451,03/08/2024
581,84,10.458,04/08/2024
582,84,10.464,05/08/2024
583,84,10.471,06/08/2024
584,84,10.478,07/08/2024
585,84,10.485,08/08/2024
586,84,10.492,09/08/2024
587,84,10.498,10/08/2024
588,85,10.505,11/08/2024
589,85,10.512,12/08/2024
590,85,10.519,13/08/2024
591,85,10.526,14/08/2024
592,85,10.532,15/08/2024
593,85,10.539,16/08/2024
594,85,10.546,17/08/2024
595,86,10.553,18/08/2024
596,86,10.56,19/08/2024
597,86,10.566,20/08/2024
598,86,10.573,21/08/2024
599,86,10.58,22/08/2024
600,86,10.587,23/08/2024
601,86,10.594,24/08/2024
602,87,10.6,25/08/2024
603,87,10.607,26/08/2024
604,87,10.614,27/08/2024
605,87,10.621,28/08/2024
606,87,10.628,29/08/2024
607,87,10.634,30/08/2024
608,87,10.641,31/08/2024
609,88,10.648,01/09/2024
610,88,10.655,02/09/2024
611,88,10.662,03/09/2024
612,88,10.668,04/09/2024
613,88,10.675,05/09/2024
614,88,10.682,06/09/2024
615,88,10.689,07/09/2024
616,89,10.696,08/09/2024
617,89,10.702,09/09/2024
618,89,10.709,10/09/2024
619,89,10.716,11/09/2024
620,89,10.723,12/09/2024
621,89,10.73,13/09/2024
622,89,10.736,14/09/2024
623,90,10.743,15/09/2024
624,90,10.75,16/09/2024
625,90,10.757,17/09/2024
626,90,10.764,18/09/2024
627,90,10.77,19/09/2024
628,90,10.777,20/09/2024
629,90,10.784,21/09/2024
630,91,10.791,22/09/2024
631,91,10.798,23/09/2024
632,91,10.804,24/09/2024
633,91,10.811,25/09/2024
634,91,10.818,26/09/2024
635,91,10.825,27/09/2024
636,91,10.832,28/09/2024
637,92,10.838,29/09/2024
638,92,10.845,30/09/2024
639,92,10.852,01/10/2024
640,92,10.859,02/10/2024
641,92,10.866,03/10/2024
642,92,10.872,04/10/2024
643,92,10.879,05/10/2024
644,93,10.886,06/10/2024
645,93,10.893,07/10/2024
646,93,10.9,08/10/2024
647,93,10.906,09/10/2024
648,93,10.913,10/10/2024
649,93,10.92,11/10/2024
650,93,10.927,12/10/2024
651,94,10.934,13/10/2024
652,94,10.941,14/10/2024
653,94,10.947,15/10/2024
654,94,10.954,16/10/2024
655,94,10.961,17/10/2024
656,94,10.968,18/10/2024
657,94,10.975,19/10/2024
658,95,10.982,20/10/2024
659,95,10.988,21/10/2024
660,95,10.995,22/10/2024
661,95,11.002,23/10/2024
662,95,11.009,24/10/2024
663,95,11.016,25/10/2024
664,95,11.022,26/10/2024
665,96,11.029,27/10/2024
666,96,11.036,28/10/2024
667,96,11.043,29/10/2024
668,96,11.05,30/10/2024
669,96,11.056,31/10/2024
670,96,11.063,01/11/2024
671,96,11.07,02/11/2024
672,97,11.077,03/11/2024
673,97,11.084,04/11/2024
674,97,11.091,05/11/2024
675,97,11.098,06/11/2024
676,97,11.104,07/11/2024
677,97,11.111,08/11/2024
678,97,11.118,09/11/2024
679,98,11.125,10/11/2024
680,98,11.132,11/11/2024
681,98,11.138,12/11/2024
682,98,11.145,13/11/2024
683,98,11.152,14/11/2024
684,98,11.159,15/11/2024
685,98,11.166,16/11/2024
686,99,11.173,17/11/2024
687,99,11.18,18/11/2024
688,99,11.186,19/11/2024
689,99,11.193,20/11/2024
690,99,11.2,21/11/2024
691,99,11.207,22/11/2024
692,99,11.214,23/11/2024
693,100,11.22,24/11/2024
694,100,11.227,25/11/2024
695,100,11.234,26/11/2024
696,100,11.241,27/11/2024
697,100,11.248,28/11/2024
698,100,11.255,29/11/2024
699,100,11.262,30/11/2024
700,101,11.268,01/12/2024
701,101,11.275,02/12/2024
702,101,11.282,03/12/2024
703,101,11.289,04/12/2024
704,101,11.296,05/12/2024
705,101,11.303,06/12/2024
706,101,11.31,07/12/2024
707,102,11.316,08/12/2024
708,102,11.323,09/12/2024
709,102,11.33,10/12/2024
710,102,11.337,11/12/2024
711,102,11.344,12/12/2024
712,102,11.351,13/12/2024
713,102,11.358,14/12/2024
714,103,11.364,15/12/2024
715,103,11.371,16/12/2024
716,103,11.378,17/12/2024
717,103,11.385,18/12/2024
718,103,11.392,19/12/2024
719,103,11.399,20/12/2024
720,103,11.406,21/12/2024
721,104,11.412,22/12/2024
722,104,11.419,23/12/2024
723,104,11.426,24/12/2024
724,104,11.433,25/12/2024
725,104,11.44,26/12/2024
726,104,11.447,27/12/2024
727,104,11.454,28/12/2024
728,105,11.46,29/12/2024
729,105,11.467,30/12/2024
730,105,11.474,31/12/2024
731,105,11.481,01/01/2025
732,105,11.488,02/01/2025
733,105,11.495,03/01/2025
734,105,11.502,04/01/2025
735,106,11.508,05/01/2025
736,106,11.515,06/01/2025
737,106,11.522,07/01/2025
738,106,11.529,08/01/2025
739,106,11.536,09/01/2025
740,106,11.543,10/01/2025
741,106,11.55,11/01/2025
742,107,11.556,12/01/2025
743,107,11.563,13/01/2025
744,107,11.57,14/01/2025
745,107,11.577,15/01/2025
746,107,11.584,16/01/2025
747,107,11.591,17/01/2025
748,107,11.598,18/01/2025
749,108,11.604,19/01/2025
750,108,11.611,20/01/2025
751,108,11.618,21/01/2025
752,108,11.625,22/01/2025
753,108,11.632,23/01/2025
754,108,11.639,24/01/2025
755,108,11.646,25/01/2025
756,109,11.652,26/01/2025
757,109,11.659,27/01/2025
758,109,11.666,28/01/2025
759,109,11.673,29/01/2025
760,109,11.68,30/01/2025
761,109,11.687,31/01/2025
762,109,11.694,01/02/2025
763,110,11.7,02/02/2025
764,110,11.707,03/02/2025
765,110,11.714,04/02/2025
766,110,11.721,05/02/2025
767,110,11.728,06/02/2025
768,110,11.735,07/02/2025
769,110,11.742,08/02/2025
770,111,11.748,09/02/2025
771,111,11.755,10/02/2025
772,111,11.762,11/02/2025
773,111,11.769,12/02/2025
774,111,11.776,13/02/2025
775,111,11.783,14/02/2025
776,111,11.79,15/02/2025
777,112,11.796,16/02/2025
778,112,11.803,17/02/2025
779,112,11.81,18/02/2025
780,112,11.817,19/02/2025
781,112,11.824,20/02/2025
782,112,11.831,21/02/2025
783,112,11.838,22/02/2025
784,113,11.844,23/02/2025
785,113,11.851,24/02/2025
786,113,11.858,25/02/2025
787,113,11.865,26/02/2025
788,113,11.872,27/02/2025
789,113,11.878,28/02/2025
790,113,11.885,01/03/2025
791,114,11.892,02/03/2025
792,114,11.899,03/03/2025
793,114,11.906,04/03/2025
794,114,11.913,05/03/2025
795,114,11.919,06/03/2025
796,114,11.926,07/03/2025
797,114,11.933,08/03/2025
798,115,11.94,09/03/2025
799,115,11.947,10/03/2025
800,115,11.954,11/03/2025
801,115,11.96,12/03/2025
802,115,11.967,13/03/2025
803,115,11.974,14/03/2025
804,115,11.981,15/03/2025
805,116,11.988,16/03/2025
806,116,11.994,17/03/2025
807,116,12.001,18/03/2025
808,116,12.008,19/03/2025
809,116,12.015,20/03/2025
810,116,12.022,21/03/2025
811,116,12.028,22/03/2025
812,117,12.035,23/03/2025
813,117,12.042,24/03/2025
814,117,12.049,25/03/2025
815,117,12.055,26/03/2025
816,117,12.062,27/03/2025
817,117,12.069,28/03/2025
818,117,12.076,29/03/2025
819,118,12.082,30/03/2025
820,118,12.089,31/03/2025
821,118,12.096,01/04/2025
822,118,12.103,02/04/2025
823,118,12.11,03/04/2025
824,118,12.116,04/04/2025
825,118,12.123,05/04/2025
826,119,12.13,06/04/2025
827,119,12.137,07/04/2025
828,119,12.143,08/04/2025
829,119,12.15,09/04/2025
830,119,12.157,10/04/2025
831,119,12.164,11/04/2025
832,119,12.17,12/04/2025
833,120,12.177,13/04/2025
834,120,12.184,14/04/2025
835,120,12.19,15/04/2025
836,120,12.197,16/04/2025
837,120,12.204,17/04/2025
838,120,12.211,18/04/2025
839,120,12.217,19/04/2025
840,121,12.224,20/04/2025
841,121,12.231,21/04/2025
842,121,12.237,22/04/2025
843,121,12.244,23/04/2025
844,121,12.251,24/04/2025
845,121,12.258,25/04/2025
846,121,12.264,26/04/2025
847,122,12.271,27/04/2025
848,122,12.278,28/04/2025
849,122,12.284,29/04/2025
850,122,12.291,30/04/2025
851,122,12.298,01/05/2025
852,122,12.304,02/05/2025
853,122,12.311,03/05/2025
854,123,12.318,04/05/2025
855,123,12.324,05/05/2025
856,123,12.331,06/05/2025
857,123,12.338,07/05/2025
858,123,12.344,08/05/2025
859,123,12.351,09/05/2025
860,123,12.358,10/05/2025
861,124,12.364,11/05/2025
862,124,12.371,12/05/2025
863,124,12.377,13/05/2025
864,124,12.384,14/05/2025
865,124,12.391,15/05/2025
866,124,12.397,16/05/2025
867,124,12.404,17/05/2025
868,125,12.41,18/05/2025
869,125,12.417,19/05/2025
870,125,12.424,20/05/2025
871,125,12.43,21/05/2025
872,125,12.437,22/05/2025
873,125,12.444,23/05/2025
874,125,12.45,24/05/2025
875,126,12.457,25/05/2025
876,126,12.463,26/05/2025
877,126,12.47,27/05/2025
878,126,12.476,28/05/2025
879,126,12.483,29/05/2025
880,126,12.49,30/05/2025
881,126,12.496,31/05/2025
882,127,12.503,01/06/2025
883,127,12.509,02/06/2025
884,127,12.516,03/06/2025
885,127,12.522,04/06/2025
886,127,12.529,05/06/2025
887,127,12.536,06/06/2025
888,127,12.542,07/06/2025
889,128,12.549,08/06/2025
890,128,12.555,09/06/2025
891,128,12.562,10/06/2025
892,128,12.568,11/06/2025
893,128,12.575,12/06/2025
894,128,12.581,13/06/2025
895,128,12.588,14/06/2025
896,129,12.594,15/06/2025
897,129,12.601,16/06/2025
898,129,12.607,17/06/2025
899,129,12.614,18/06/2025
900,129,12.62,19/06/2025
901,129,12.627,20/06/2025
902,129,12.633,21/06/2025
903,130,12.64,22/06/2025
904,130,12.646,23/06/2025
905,130,12.653,24/06/2025
906,130,12.659,25/06/2025
907,130,12.666,26/06/2025
908,130,12.672,27/06/2025
909,130,12.679,28/06/2025
910,131,12.685,29/06/2025
911,131,12.692,30/06/2025
912,131,12.698,01/07/2025
913,131,12.705,02/07/2025
914,131,12.711,03/07/2025
915,131,12.718,04/07/2025
916,131,12.724,05/07/2025
917,132,12.73,06/07/2025
918,132,12.737,07/07/2025
919,132,12.743,08/07/2025
920,132,12.75,09/07/2025
921,132,12.756,10/07/2025
922,132,12.763,11/07/2025
923,132,12.769,12/07/2025
924,133,12.776,13/07/2025
925,133,12.782,14/07/2025
926,133,12.788,15/07/2025
927,133,12.795,16/07/2025
928,133,12.801,17/07/2025
929,133,12.808,18/07/2025
930,133,12.814,19/07/2025
931,134,12.82,20/07/2025
932,134,12.827,21/07/2025
933,134,12.833,22/07/2025
934,134,12.84,23/07/2025
935,134,12.846,24/07/2025
936,134,12.852,25/07/2025
937,134,12.859,26/07/2025
938,135,12.865,27/07/2025
939,135,12.872,28/07/2025
940,135,12.878,29/07/2025
941,135,12.884,30/07/2025
942,135,12.891,31/07/2025
943,135,12.897,01/08/2025
944,135,12.903,02/08/2025
945,136,12.91,03/08/2025
946,136,12.916,04/08/2025
947,136,12.922,05/08/2025
948,136,12.929,06/08/2025
949,136,12.935,07/08/2025
950,136,12.942,08/08/2025
951,136,12.948,09/08/2025
952,137,12.954,10/08/2025
953,137,12.96,11/08/2025
954,137,12.967,12/08/2025
955,137,12.973,13/08/2025
956,137,12.98,14/08/2025
957,137,12.986,15/08/2025
958,137,12.992,16/08/2025
959,138,12.998,17/08/2025
960,138,13.005,18/08/2025
961,138,13.011,19/08/2025
962,138,13.017,20/08/2025
963,138,13.024,21/08/2025
964,138,13.03,22/08/2025
965,138,13.036,23/08/2025
966,139,13.043,24/08/2025
967,139,13.049,25/08/2025
968,139,13.055,26/08/2025
969,139,13.062,27/08/2025
970,139,13.068,28/08/2025
971,139,13.074,29/08/2025
972,139,13.08,30/08/2025
973,140,13.087,31/08/2025
974,140,13.093,01/09/2025
975,140,13.099,02/09/2025
976,140,13.106,03/09/2025
977,140,13.112,04/09/2025
978,140,13.118,05/09/2025
979,140,13.124,06/09/2025
980,141,13.131,07/09/2025
981,141,13.137,08/09/2025
982,141,13.143,09/09/2025
983,141,13.15,10/09/2025
984,141,13.156,11/09/2025
985,141,13.162,12/09/2025
986,141,13.168,13/09/2025
987,142,13.175,14/09/2025
988,142,13.181,15/09/2025
989,142,13.187,16/09/2025
990,142,13.193,17/09/2025
991,142,13.2,18/09/2025
992,142,13.206,19/09/2025
993,142,13.212,20/09/2025
994,143,13.218,21/09/2025
995,143,13.225,22/09/2025
996,143,13.231,23/09/2025
997,143,13.237,24/09/2025
998,143,13.244,25/09/2025
999,143,13.25,26/09/2025
1000,143,13.256,27/09/2025
1001,144,13.262,28/09/2025
1002,144,13.268,29/09/2025
1003,144,13.275,30/09/2025
1004,144,13.281,01/10/2025
1005,144,13.287,02/10/2025
1006,144,13.293,03/10/2025
1007,144,13.3,04/10/2025
1008,145,13.306,05/10/2025
1009,145,13.312,06/10/2025
1010,145,13.318,07/10/2025
1011,145,13.325,08/10/2025
1012,145,13.331,09/10/2025
1013,145,13.337,10/10/2025
1014,145,13.343,11/10/2025
1015,146,13.35,12/10/2025
1016,146,13.356,13/10/2025
1017,146,13.362,14/10/2025
1018,146,13.368,15/10/2025
1019,146,13.374,16/10/2025
1020,146,13.381,17/10/2025
1021,146,13.387,18/10/2025
1022,147,13.393,19/10/2025
1023,147,13.399,20/10/2025
1024,147,13.406,21/10/2025
1025,147,13.412,22/10/2025
1026,147,13.418,23/10/2025
1027,147,13.424,24/10/2025
1028,147,13.43,25/10/2025
1029,148,13.437,26/10/2025
1030,148,13.443,27/10/2025
1031,148,13.449,28/10/2025
1032,148,13.455,29/10/2025
1033,148,13.461,30/10/2025
1034,148,13.468,31/10/2025
1035,148,13.474,01/11/2025
1036,149,13.48,02/11/2025
1037,149,13.486,03/11/2025
1038,149,13.492,04/11/2025
1039,149,13.499,05/11/2025
1040,149,13.505,06/11/2025
1041,149,13.511,07/11/2025
1042,149,13.517,08/11/2025
1043,150,13.524,09/11/2025
1044,150,13.53,10/11/2025
1045,150,13.536,11/11/2025
1046,150,13.542,12/11/2025
1047,150,13.548,13/11/2025
1048,150,13.554,14/11/2025
1049,150,13.561,15/11/2025
1050,151,13.567,16/11/2025
1051,151,13.573,17/11/2025
1052,151,13.579,18/11/2025
1053,151,13.586,19/11/2025
1054,151,13.592,20/11/2025
1055,151,13.598,21/11/2025
1056,151,13.604,22/11/2025
1057,152,13.61,23/11/2025
1058,152,13.616,24/11/2025
1059,152,13.623,25/11/2025
1060,152,13.629,26/11/2025
1061,152,13.635,27/11/2025
1062,152,13.641,28/11/2025
1063,152,13.648,29/11/2025
1064,153,13.654,30/11/2025
1065,153,13.66,01/12/2025
1066,153,13.666,02/12/2025
1067,153,13.672,03/12/2025
1068,153,13.678,04/12/2025
1069,153,13.685,05/12/2025
1070,153,13.691,06/12/2025
1071,154,13.697,07/12/2025
1072,154,13.703,08/12/2025
1073,154,13.71,09/12/2025
1074,154,13.716,10/12/2025
1075,154,13.722,11/12/2025
1076,154,13.728,12/12/2025
1077,154,13.734,13/12/2025
1078,155,13.74,14/12/2025
1079,155,13.747,15/12/2025
1080,155,13.753,16/12/2025
1081,155,13.759,17/12/2025
1082,155,13.765,18/12/2025
1083,155,13.771,19/12/2025
1084,155,13.778,20/12/2025
1085,156,13.784,21/12/2025
1086,156,13.79,22/12/2025
1087,156,13.796,23/12/2025
1088,156,13.802,24/12/2025
1089,156,13.808,25/12/2025
1090,156,13.815,26/12/2025
1091,156,13.821,27/12/2025
1092,157,13.827,28/12/2025
1093,157,13.833,29/12/2025
1094,157,13.84,30/12/2025
1095,157,13.846,31/12/2025
1096,157,13.852,01/01/2026
1097,157,13.858,02/01/2026
1098,157,13.864,03/01/2026
1099,158,13.87,04/01/2026
1100,158,13.877,05/01/2026
1101,158,13.883,06/01/2026
1102,158,13.889,07/01/2026
1103,158,13.895,08/01/2026
1104,158,13.901,09/01/2026
1105,158,13.908,10/01/2026
1106,159,13.914,11/01/2026
1107,159,13.92,12/01/2026
1108,159,13.926,13/01/2026
1109,159,13.932,14/01/2026
1110,159,13.938,15/01/2026
1111,159,13.945,16/01/2026
1112,159,13.951,17/01/2026
1113,160,13.957,18/01/2026
1114,160,13.963,19/01/2026
1115,160,13.969,20/01/2026
1116,160,13.976,21/01/2026
1117,160,13.982,22/01/2026
1118,160,13.988,23/01/2026
1119,160,13.994,24/01/2026
1120,161,14,25/01/2026
1121,161,14.006,26/01/2026
1122,161,14.013,27/01/2026
1123,161,14.019,28/01/2026
1124,161,14.025,29/01/2026
1125,161,14.031,30/01/2026
1126,161,14.037,31/01/2026
1127,162,14.044,01/02/2026
1128,162,14.05,02/02/2026
1129,162,14.056,03/02/2026
1130,162,14.062,04/02/2026
1131,162,14.068,05/02/2026
1132,162,14.074,06/02/2026
1133,162,14.081,07/02/2026
1134,163,14.087,08/02/2026
1135,163,14.093,09/02/2026
1136,163,14.099,10/02/2026
1137,163,14.105,11/02/2026
1138,163,14.112,12/02/2026
1139,163,14.118,13/02/2026
1140,163,14.124,14/02/2026
1141,164,14.13,15/02/2026
1142,164,14.136,16/02/2026
1143,164,14.142,17/02/2026
1144,164,14.148,18/02/2026
1145,164,14.155,19/02/2026
1146,164,14.161,20/02/2026
1147,164,14.167,21/02/2026
1148,165,14.173,22/02/2026
1149,165,14.179,23/02/2026
1150,165,14.186,24/02/2026
1151,165,14.192,25/02/2026
1152,165,14.198,26/02/2026
1153,165,14.204,27/02/2026
1154,165,14.21,28/02/2026
1155,166,14.216,01/03/2026
1156,166,14.223,02/03/2026
1157,166,14.229,03/03/2026
1158,166,14.235,04/03/2026
1159,166,14.241,05/03/2026
1160,166,14.247,06/03/2026
1161,166,14.253,07/03/2026
1162,167,14.26,08/03/2026
1163,167,14.266,09/03/2026
1164,167,14.272,10/03/2026
1165,167,14.278,11/03/2026
1166,167,14.284,12/03/2026
1167,167,14.29,13/03/2026
1168,167,14.297,14/03/2026
1169,168,14.303,15/03/2026
1170,168,14.309,16/03/2026
1171,168,14.315,17/03/2026
1172,168,14.321,18/03/2026
1173,168,14.327,19/03/2026
1174,168,14.334,20/03/2026
1175,168,14.34,21/03/2026
1176,169,14.346,22/03/2026
1177,169,14.352,23/03/2026
1178,169,14.358,24/03/2026
1179,169,14.364,25/03/2026
1180,169,14.37,26/03/2026
1181,169,14.377,27/03/2026
1182,169,14.383,28/03/2026
1183,170,14.389,29/03/2026
1184,170,14.395,30/03/2026
1185,170,14.401,31/03/2026
1186,170,14.408,01/04/2026
1187,170,14.414,02/04/2026
1188,170,14.42,03/04/2026
1189,170,14.426,04/04/2026
1190,171,14.432,05/04/2026
1191,171,14.438,06/04/2026
1192,171,14.444,07/04/2026
1193,171,14.45,08/04/2026
1194,171,14.457,09/04/2026
1195,171,14.463,10/04/2026
1196,171,14.469,11/04/2026
1197,172,14.475,12/04/2026
1198,172,14.481,13/04/2026
1199,172,14.487,14/04/2026
1200,172,14.494,15/04/2026
1201,172,14.5,16/04/2026
1202,172,14.506,17/04/2026
1203,172,14.512,18/04/2026
1204,173,14.518,19/04/2026
1205,173,14.524,20/04/2026
1206,173,14.53,21/04/2026
1207,173,14.537,22/04/2026
1208,173,14.543,23/04/2026
1209,173,14.549,24/04/2026
1210,173,14.555,25/04/2026
1211,174,14.561,26/04/2026
1212,174,14.567,27/04/2026
1213,174,14.573,28/04/2026
1214,174,14.58,29/04/2026
1215,174,14.586,30/04/2026
1216,174,14.592,01/05/2026
1217,174,14.598,02/05/2026
1218,175,14.604,03/05/2026
1219,175,14.61,04/05/2026
1220,175,14.616,05/05/2026
1221,175,14.622,06/05/2026
1222,175,14.629,07/05/2026
1223,175,14.635,08/05/2026
1224,175,14.641,09/05/2026
1225,176,14.647,10/05/2026
1226,176,14.653,11/05/2026
1227,176,14.659,12/05/2026
1228,176,14.665,13/05/2026
1229,176,14.672,14/05/2026
1230,176,14.678,15/05/2026
1231,176,14.684,16/05/2026
1232,177,14.69,17/05/2026
1233,177,14.696,18/05/2026
1234,177,14.702,19/05/2026
1235,177,14.708,20/05/2026
1236,177,14.714,21/05/2026
1237,177,14.72,22/05/2026
1238,177,14.726,23/05/2026
1239,178,14.733,24/05/2026
1240,178,14.739,25/05/2026
1241,178,14.745,26/05/2026
1242,178,14.751,27/05/2026
1243,178,14.757,28/05/2026
1244,178,14.763,29/05/2026
1245,178,14.769,30/05/2026
1246,179,14.775,31/05/2026
1247,179,14.782,01/06/2026
1248,179,14.788,02/06/2026
1249,179,14.794,03/06/2026
1250,179,14.8,04/06/2026
1251,179,14.806,05/06/2026
1252,179,14.812,06/06/2026
1253,180,14.818,07/06/2026
1254,180,14.824,08/06/2026
1255,180,14.83,09/06/2026
1256,180,14.836,10/06/2026
1257,180,14.843,11/06/2026
1258,180,14.849,12/06/2026
1259,180,14.855,13/06/2026
1260,181,14.861,14/06/2026
1261,181,14.867,15/06/2026
1262,181,14.873,16/06/2026
1263,181,14.879,17/06/2026
1264,181,14.885,18/06/2026
1265,181,14.891,19/06/2026
1266,181,14.897,20/06/2026
1267,182,14.904,21/06/2026
1268,182,14.91,22/06/2026
1269,182,14.916,23/06/2026
1270,182,14.922,24/06/2026
1271,182,14.928,25/06/2026
1272,182,14.934,26/06/2026
1273,182,14.94,27/06/2026
1274,183,14.946,28/06/2026
1275,183,14.952,29/06/2026
1276,183,14.958,30/06/2026
1277,183,14.964,01/07/2026
1278,183,14.97,02/07/2026
1279,183,14.976,03/07/2026
1280,183,14.983,04/07/2026
1281,184,14.989,05/07/2026
1282,184,14.995,06/07/2026
1283,184,15.001,07/07/2026
1284,184,15.007,08/07/2026
1285,184,15.013,09/07/2026
1286,184,15.019,10/07/2026
1287,184,15.025,11/07/2026
1288,185,15.031,12/07/2026
1289,185,15.037,13/07/2026
1290,185,15.043,14/07/2026
1291,185,15.049,15/07/2026
1292,185,15.056,16/07/2026
1293,185,15.062,17/07/2026
1294,185,15.068,18/07/2026
1295,186,15.074,19/07/2026
1296,186,15.08,20/07/2026
1297,186,15.086,21/07/2026
1298,186,15.092,22/07/2026
1299,186,15.098,23/07/2026
1300,186,15.104,24/07/2026
1301,186,15.11,25/07/2026
1302,187,15.116,26/07/2026
1303,187,15.122,27/07/2026
1304,187,15.128,28/07/2026
1305,187,15.134,29/07/2026
1306,187,15.14,30/07/2026
1307,187,15.146,31/07/2026
1308,187,15.152,01/08/2026
1309,188,15.158,02/08/2026
1310,188,15.164,03/08/2026
1311,188,15.17,04/08/2026
1312,188,15.177,05/08/2026
1313,188,15.183,06/08/2026
1314,188,15.189,07/08/2026
1315,188,15.195,08/08/2026
1316,189,15.201,09/08/2026
1317,189,15.207,10/08/2026
1318,189,15.213,11/08/2026
1319,189,15.219,12/08/2026
1320,189,15.225,13/08/2026
1321,189,15.231,14/08/2026
1322,189,15.237,15/08/2026
1323,190,15.243,16/08/2026
1324,190,15.249,17/08/2026
1325,190,15.255,18/08/2026
1326,190,15.261,19/08/2026
1327,190,15.267,20/08/2026
1328,190,15.273,21/08/2026
1329,190,15.279,22/08/2026
1330,191,15.285,23/08/2026
1331,191,15.291,24/08/2026
1332,191,15.297,25/08/2026
1333,191,15.303,26/08/2026
1334,191,15.309,27/08/2026
1335,191,15.315,28/08/2026
1336,191,15.321,29/08/2026
1337,192,15.328,30/08/2026
1338,192,15.334,31/08/2026
1339,192,15.34,01/09/2026
1340,192,15.346,02/09/2026
1341,192,15.352,03/09/2026
1342,192,15.358,04/09/2026
1343,192,15.364,05/09/2026
1344,193,15.37,06/09/2026
1345,193,15.376,07/09/2026
1346,193,15.382,08/09/2026
1347,193,15.388,09/09/2026
1348,193,15.394,10/09/2026
1349,193,15.4,11/09/2026
1350,193,15.406,12/09/2026
1351,194,15.412,13/09/2026
1352,194,15.418,14/09/2026
1353,194,15.424,15/09/2026
1354,194,15.43,16/09/2026
1355,194,15.436,17/09/2026
1356,194,15.442,18/09/2026
1357,194,15.448,19/09/2026
1358,195,15.454,20/09/2026
1359,195,15.46,21/09/2026
1360,195,15.466,22/09/2026
1361,195,15.472,23/09/2026
1362,195,15.478,24/09/2026
1363,195,15.484,25/09/2026
1364,195,15.49,26/09/2026
1365,196,15.496,27/09/2026
1366,196,15.502,28/09/2026
1367,196,15.508,29/09/2026
1368,196,15.514,30/09/2026
1369,196,15.52,01/10/2026
1370,196,15.526,02/10/2026
1371,196,15.532,03/10/2026
1372,197,15.538,04/10/2026
1373,197,15.544,05/10/2026
1374,197,15.55,06/10/2026
1375,197,15.556,07/10/2026
1376,197,15.562,08/10/2026
1377,197,15.568,09/10/2026
1378,197,15.574,10/10/2026
1379,198,15.58,11/10/2026
1380,198,15.586,12/10/2026
1381,198,15.592,13/10/2026
1382,198,15.598,14/10/2026
1383,198,15.604,15/10/2026
1384,198,15.61,16/10/2026
1385,198,15.616,17/10/2026
1386,199,15.622,18/10/2026
1387,199,15.628,19/10/2026
1388,199,15.634,20/10/2026
1389,199,15.64,21/10/2026
1390,199,15.646,22/10/2026
1391,199,15.652,23/10/2026
1392,199,15.658,24/10/2026
1393,200,15.664,25/10/2026
1394,200,15.67,26/10/2026
1395,200,15.676,27/10/2026
1396,200,15.682,28/10/2026
1397,200,15.688,29/10/2026
1398,200,15.694,30/10/2026
1399,200,15.7,31/10/2026
1400,201,15.706,01/11/2026
1401,201,15.712,02/11/2026
1402,201,15.718,03/11/2026
1403,201,15.724,04/11/2026
1404,201,15.73,05/11/2026
1405,201,15.736,06/11/2026
1406,201,15.742,07/11/2026
1407,202,15.748,08/11/2026
1408,202,15.753,09/11/2026
1409,202,15.759,10/11/2026
1410,202,15.765,11/11/2026
1411,202,15.771,12/11/2026
1412,202,15.777,13/11/2026
1413,202,15.783,14/11/2026
1414,203,15.789,15/11/2026
1415,203,15.795,16/11/2026
1416,203,15.801,17/11/2026
1417,203,15.807,18/11/2026
1418,203,15.813,19/11/2026
1419,203,15.819,20/11/2026
1420,203,15.825,21/11/2026
1421,204,15.831,22/11/2026
1422,204,15.837,23/11/2026
1423,204,15.843,24/11/2026
1424,204,15.849,25/11/2026
1425,204,15.855,26/11/2026
1426,204,15.861,27/11/2026
1427,204,15.867,28/11/2026
1428,205,15.873,29/11/2026
1429,205,15.879,30/11/2026
1430,205,15.885,01/12/2026
1431,205,15.891,02/12/2026
1432,205,15.897,03/12/2026
1433,205,15.903,04/12/2026
1434,205,15.909,05/12/2026
1435,206,15.915,06/12/2026
1436,206,15.921,07/12/2026
1437,206,15.927,08/12/2026
1438,206,15.933,09/12/2026
1439,206,15.939,10/12/2026
1440,206,15.944,11/12/2026
1441,206,15.95,12/12/2026
1442,207,15.956,13/12/2026
1443,207,15.962,14/12/2026
1444,207,15.968,15/12/2026
1445,207,15.974,16/12/2026
1446,207,15.98,17/12/2026
1447,207,15.986,18/12/2026
1448,207,15.992,19/12/2026
1449,208,15.998,20/12/2026
1450,208,16.004,21/12/2026
1451,208,16.01,22/12/2026
1452,208,16.016,23/12/2026
1453,208,16.022,24/12/2026
1454,208,16.028,25/12/2026
1455,208,16.034,26/12/2026
1456,209,16.04,27/12/2026
1457,209,16.046,28/12/2026
1458,209,16.052,29/12/2026
1459,209,16.058,30/12/2026
1460,209,16.064,31/12/2026
1461,209,16.07,01/01/2027
1462,209,16.076,02/01/2027
1463,210,16.082,03/01/2027
1464,210,16.088,04/01/2027
1465,210,16.094,05/01/2027
1466,210,16.099,06/01/2027
1467,210,16.106,07/01/2027
1468,210,16.112,08/01/2027
1469,210,16.117,09/01/2027
1470,211,16.123,10/01/2027
1471,211,16.129,11/01/2027
1472,211,16.135,12/01/2027
1473,211,16.141,13/01/2027
1474,211,16.147,14/01/2027
1475,211,16.153,15/01/2027
1476,211,16.159,16/01/2027
1477,212,16.165,17/01/2027
1478,212,16.171,18/01/2027
1479,212,16.177,19/01/2027
1480,212,16.183,20/01/2027
1481,212,16.189,21/01/2027
1482,212,16.195,22/01/2027
1483,212,16.201,23/01/2027
1484,213,16.207,24/01/2027
1485,213,16.213,25/01/2027
1486,213,16.219,26/01/2027
1487,213,16.225,27/01/2027
1488,213,16.231,28/01/2027
1489,213,16.236,29/01/2027
1490,213,16.242,30/01/2027
1491,214,16.248,31/01/2027
1492,214,16.254,01/02/2027
1493,214,16.26,02/02/2027
1494,214,16.266,03/02/2027
1495,214,16.272,04/02/2027
1496,214,16.278,05/02/2027
1497,214,16.284,06/02/2027
1498,215,16.29,07/02/2027
1499,215,16.296,08/02/2027
1500,215,16.302,09/02/2027
1501,215,16.308,10/02/2027
1502,215,16.314,11/02/2027
1503,215,16.32,12/02/2027
1504,215,16.326,13/02/2027
1505,216,16.332,14/02/2027
1506,216,16.338,15/02/2027
1507,216,16.344,16/02/2027
1508,216,16.35,17/02/2027
1509,216,16.356,18/02/2027
1510,216,16.362,19/02/2027
1511,216,16.368,20/02/2027
1512,217,16.374,21/02/2027
1513,217,16.379,22/02/2027
1514,217,16.385,23/02/2027
1515,217,16.391,24/02/2027
1516,217,16.397,25/02/2027
1517,217,16.403,26/02/2027
1518,217,16.409,27/02/2027
1519,218,16.415,28/02/2027
1520,218,16.421,01/03/2027
1521,218,16.427,02/03/2027
1522,218,16.433,03/03/2027
1523,218,16.439,04/03/2027
1524,218,16.445,05/03/2027
1525,218,16.451,06/03/2027
1526,219,16.457,07/03/2027
1527,219,16.463,08/03/2027
1528,219,16.469,09/03/2027
1529,219,16.475,10/03/2027
1530,219,16.481,11/03/2027
1531,219,16.486,12/03/2027
1532,219,16.492,13/03/2027
1533,220,16.498,14/03/2027
1534,220,16.504,15/03/2027
1535,220,16.51,16/03/2027
1536,220,16.516,17/03/2027
1537,220,16.522,18/03/2027
1538,220,16.528,19/03/2027
1539,220,16.534,20/03/2027
1540,221,16.54,21/03/2027
1541,221,16.546,22/03/2027
1542,221,16.552,23/03/2027
1543,221,16.558,24/03/2027
1544,221,16.564,25/03/2027
1545,221,16.57,26/03/2027
1546,221,16.576,27/03/2027
1547,222,16.582,28/03/2027
1548,222,16.588,29/03/2027
1549,222,16.594,30/03/2027
1550,222,16.6,31/03/2027
1551,222,16.606,01/04/2027
1552,222,16.611,02/04/2027
1553,222,16.617,03/04/2027
1554,223,16.623,04/04/2027
1555,223,16.629,05/04/2027
1556,223,16.635,06/04/2027
1557,223,16.641,07/04/2027
1558,223,16.647,08/04/2027
1559,223,16.653,09/04/2027
1560,223,16.659,10/04/2027
1561,224,16.665,11/04/2027
1562,224,16.671,12/04/2027
1563,224,16.677,13/04/2027
1564,224,16.683,14/04/2027
1565,224,16.689,15/04/2027
1566,224,16.695,16/04/2027
1567,224,16.701,17/04/2027
1568,225,16.706,18/04/2027
1569,225,16.712,19/04/2027
1570,225,16.718,20/04/2027
1571,225,16.724,21/04/2027
1572,225,16.73,22/04/2027
1573,225,16.736,23/04/2027
1574,225,16.742,24/04/2027
1575,226,16.748,25/04/2027
1576,226,16.754,26/04/2027
1577,226,16.76,27/04/2027
1578,226,16.766,28/04/2027
1579,226,16.772,29/04/2027
1580,226,16.778,30/04/2027
1581,226,16.784,01/05/2027
1582,227,16.79,02/05/2027
1583,227,16.796,03/05/2027
1584,227,16.802,04/05/2027
1585,227,16.808,05/05/2027
1586,227,16.814,06/05/2027
1587,227,16.819,07/05/2027
1588,227,16.825,08/05/2027
1589,228,16.831,09/05/2027
1590,228,16.837,10/05/2027
1591,228,16.843,11/05/2027
1592,228,16.849,12/05/2027
1593,228,16.855,13/05/2027
1594,228,16.861,14/05/2027
1595,228,16.867,15/05/2027
1596,229,16.873,16/05/2027
1597,229,16.879,17/05/2027
1598,229,16.885,18/05/2027
1599,229,16.891,19/05/2027
1600,229,16.897,20/05/2027
1601,229,16.902,21/05/2027
1602,229,16.908,22/05/2027
1603,230,16.914,23/05/2027
1604,230,16.92,24/05/2027
1605,230,16.926,25/05/2027
1606,230,16.932,26/05/2027
1607,230,16.938,27/05/2027
1608,230,16.944,28/05/2027
1609,230,16.95,29/05/2027
1610,231,16.956,30/05/2027
1611,231,16.962,31/05/2027
1612,231,16.968,01/06/2027
1613,231,16.974,02/06/2027
1614,231,16.98,03/06/2027
1615,231,16.986,04/06/2027
1616,231,16.992,05/06/2027
1617,232,16.997,06/06/2027
1618,232,17.003,07/06/2027
1619,232,17.009,08/06/2027
1620,232,17.015,09/06/2027
1621,232,17.021,10/06/2027
1622,232,17.027,11/06/2027
1623,232,17.033,12/06/2027
1624,233,17.039,13/06/2027
1625,233,17.045,14/06/2027
1626,233,17.051,15/06/2027
1627,233,17.057,16/06/2027
1628,233,17.063,17/06/2027
1629,233,17.068,18/06/2027
1630,233,17.074,19/06/2027
1631,234,17.08,20/06/2027
1632,234,17.086,21/06/2027
1633,234,17.092,22/06/2027
1634,234,17.098,23/06/2027
1635,234,17.104,24/06/2027
1636,234,17.11,25/06/2027
1637,234,17.116,26/06/2027
1638,235,17.122,27/06/2027
1639,235,17.128,28/06/2027
1640,235,17.134,29/06/2027
1641,235,17.14,30/06/2027
1642,235,17.146,01/07/2027
1643,235,17.151,02/07/2027
1644,235,17.157,03/07/2027
1645,236,17.163,04/07/2027
1646,236,17.169,05/07/2027
1647,236,17.175,06/07/2027
1648,236,17.181,07/07/2027
1649,236,17.187,08/07/2027
1650,236,17.193,09/07/2027
1651,236,17.199,10/07/2027
1652,237,17.205,11/07/2027
1653,237,17.21,12/07/2027
1654,237,17.216,13/07/2027
1655,237,17.222,14/07/2027
1656,237,17.228,15/07/2027
1657,237,17.234,16/07/2027
1658,237,17.24,17/07/2027
1659,238,17.246,18/07/2027
1660,238,17.252,19/07/2027
1661,238,17.258,20/07/2027
1662,238,17.264,21/07/2027
1663,238,17.27,22/07/2027
1664,238,17.275,23/07/2027
1665,238,17.281,24/07/2027
1666,239,17.287,25/07/2027
1667,239,17.293,26/07/2027
1668,239,17.299,27/07/2027
1669,239,17.305,28/07/2027
1670,239,17.311,29/07/2027
1671,239,17.317,30/07/2027
1672,239,17.323,31/07/2027
1673,240,17.328,01/08/2027
1674,240,17.334,02/08/2027
1675,240,17.34,03/08/2027
1676,240,17.346,04/08/2027
1677,240,17.352,05/08/2027
1678,240,17.358,06/08/2027
1679,240,17.364,07/08/2027
1680,241,17.37,08/08/2027
1681,241,17.376,09/08/2027
1682,241,17.382,10/08/2027
1683,241,17.387,11/08/2027
1684,241,17.393,12/08/2027
1685,241,17.399,13/08/2027
1686,241,17.405,14/08/2027
1687,242,17.411,15/08/2027
1688,242,17.417,16/08/2027
1689,242,17.423,17/08/2027
1690,242,17.428,18/08/2027
1691,242,17.434,19/08/2027
1692,242,17.44,20/08/2027
1693,242,17.446,21/08/2027
1694,243,17.452,22/08/2027
1695,243,17.458,23/08/2027
1696,243,17.464,24/08/2027
1697,243,17.47,25/08/2027
1698,243,17.476,26/08/2027
1699,243,17.481,27/08/2027
1700,243,17.487,28/08/2027
1701,244,17.493,29/08/2027
1702,244,17.499,30/08/2027
1703,244,17.505,31/08/2027
1704,244,17.511,01/09/2027
1705,244,17.517,02/09/2027
1706,244,17.522,03/09/2027
1707,244,17.528,04/09/2027
1708,245,17.534,05/09/2027
1709,245,17.54,06/09/2027
1710,245,17.546,07/09/2027
1711,245,17.552,08/09/2027
1712,245,17.558,09/09/2027
1713,245,17.563,10/09/2027
1714,245,17.569,11/09/2027
1715,246,17.575,12/09/2027
1716,246,17.581,13/09/2027
1717,246,17.587,14/09/2027
1718,246,17.593,15/09/2027
1719,246,17.598,16/09/2027
1720,246,17.604,17/09/2027
1721,246,17.61,18/09/2027
1722,247,17.616,19/09/2027
1723,247,17.622,20/09/2027
1724,247,17.628,21/09/2027
1725,247,17.634,22/09/2027
1726,247,17.639,23/09/2027
1727,247,17.645,24/09/2027
1728,247,17.651,25/09/2027
1729,248,17.657,26/09/2027
1730,248,17.663,27/09/2027
1731,248,17.669,28/09/2027
1732,248,17.674,29/09/2027
1733,248,17.68,30/09/2027
1734,248,17.686,01/10/2027
1735,248,17.692,02/10/2027
1736,249,17.698,03/10/2027
1737,249,17.704,04/10/2027
1738,249,17.71,05/10/2027
1739,249,17.715,06/10/2027
1740,249,17.721,07/10/2027
1741,249,17.727,08/10/2027
1742,249,17.733,09/10/2027
1743,250,17.739,10/10/2027
1744,250,17.744,11/10/2027
1745,250,17.75,12/10/2027
1746,250,17.756,13/10/2027
1747,250,17.762,14/10/2027
1748,250,17.768,15/10/2027
1749,250,17.774,16/10/2027
1750,251,17.779,17/10/2027
1751,251,17.785,18/10/2027
1752,251,17.791,19/10/2027
1753,251,17.797,20/10/2027
1754,251,17.803,21/10/2027
1755,251,17.808,22/10/2027
1756,251,17.814,23/10/2027
1757,252,17.82,24/10/2027
1758,252,17.826,25/10/2027
1759,252,17.832,26/10/2027
1760,252,17.837,27/10/2027
1761,252,17.843,28/10/2027
1762,252,17.849,29/10/2027
1763,252,17.855,30/10/2027
1764,253,17.861,31/10/2027
1765,253,17.866,01/11/2027
1766,253,17.872,02/11/2027
1767,253,17.878,03/11/2027
1768,253,17.884,04/11/2027
1769,253,17.89,05/11/2027
1770,253,17.895,06/11/2027
1771,254,17.901,07/11/2027
1772,254,17.907,08/11/2027
1773,254,17.913,09/11/2027
1774,254,17.919,10/11/2027
1775,254,17.924,11/11/2027
1776,254,17.93,12/11/2027
1777,254,17.936,13/11/2027
1778,255,17.942,14/11/2027
1779,255,17.948,15/11/2027
1780,255,17.953,16/11/2027
1781,255,17.959,17/11/2027
1782,255,17.965,18/11/2027
1783,255,17.971,19/11/2027
1784,255,17.976,20/11/2027
1785,256,17.982,21/11/2027
1786,256,17.988,22/11/2027
1787,256,17.994,23/11/2027
1788,256,18,24/11/2027
1789,256,18.005,25/11/2027
1790,256,18.011,26/11/2027
1791,256,18.017,27/11/2027
1792,257,18.022,28/11/2027
1793,257,18.028,29/11/2027
1794,257,18.034,30/11/2027
1795,257,18.04,01/12/2027
1796,257,18.046,02/12/2027
1797,257,18.051,03/12/2027
1798,257,18.057,04/12/2027
1799,258,18.063,05/12/2027
1800,258,18.069,06/12/2027
1801,258,18.074,07/12/2027
1802,258,18.08,08/12/2027
1803,258,18.086,09/12/2027
1804,258,18.092,10/12/2027
1805,258,18.097,11/12/2027
1806,259,18.103,12/12/2027
1807,259,18.109,13/12/2027
1808,259,18.115,14/12/2027
1809,259,18.12,15/12/2027
1810,259,18.126,16/12/2027
1811,259,18.132,17/12/2027
1812,259,18.138,18/12/2027
1813,260,18.143,19/12/2027
1814,260,18.149,20/12/2027
1815,260,18.155,21/12/2027
1816,260,18.161,22/12/2027
1817,260,18.166,23/12/2027
1818,260,18.172,24/12/2027
1819,260,18.178,25/12/2027
1820,261,18.184,26/12/2027
1821,261,18.189,27/12/2027
1822,261,18.195,28/12/2027
1823,261,18.201,29/12/2027
1824,261,18.206,30/12/2027
1825,261,18.212,31/12/2027
1826,261,18.218,01/01/2028
1827,262,18.224,02/01/2028
1828,262,18.229,03/01/2028
1829,262,18.235,04/01/2028
1830,262,18.241,05/01/2028
1831,262,18.246,06/01/2028
1832,262,18.252,07/01/2028
1833,262,18.258,08/01/2028
1834,263,18.264,09/01/2028
1835,263,18.269,10/01/2028
1836,263,18.275,11/01/2028
1837,263,18.281,12/01/2028
1838,263,18.286,13/01/2028
1839,263,18.292,14/01/2028
1840,263,18.298,15/01/2028
1841,264,18.304,16/01/2028
1842,264,18.309,17/01/2028
1843,264,18.315,18/01/2028
1844,264,18.321,19/01/2028
1845,264,18.326,20/01/2028
1846,264,18.332,21/01/2028
1847,264,18.338,22/01/2028
1848,265,18.344,23/01/2028
1849,265,18.349,24/01/2028
1850,265,18.355,25/01/2028
1851,265,18.361,26/01/2028
1852,265,18.366,27/01/2028
1853,265,18.372,28/01/2028
1854,265,18.378,29/01/2028
1855,266,18.383,30/01/2028
1856,266,18.389,31/01/2028
1856,266,18.389,31/01/2028
1856,266,18.389,31/01/2028
1856,266,18.389,31/01/2028
1856,266,18.389,31/01/2028
1856,266,18.389,31/01/2028
1856,266,18.389,31/01/2028
1856,266,18.389,31/01/2028
1856,266,18.389,31/01/2028
1856,266,18.389,31/01/2028
1856,266,18.389,31/01/2028
1856,266,18.389,31/01/2028
1856,266,18.389,31/01/2028
1856,266,18.389,31/01/2028
1856,266,18.389,31/01/2028
1856,266,18.389,31/01/2028
1856,266,18.389,31/01/2028
1856,266,18.389,31/01/2028
1856,266,18.389,31/01/2028
1856,266,18.389,31/01/2028
1856,266,18.389,31/01/2028
1856,266,18.389,31/01/2028
1856,266,18.389,31/01/2028
1856,266,18.389,31/01/2028
1856,266,18.389,31/01/2028
1856,266,18.389,31/01/2028
1856,266,18.389,31/01/2028
1856,266,18.389,31/01/2028
1856,266,18.389,31/01/2028
1856,266,18.389,31/01/2028
1856,266,18.389,31/01/2028
1856,266,18.389,31/01/2028
1856,266,18.389,31/01/2028
1856,266,18.389,31/01/2028
1856,266,18.389,31/01/2028
1856,266,18.389,31/01/2028
1856,266,18.389,31/01/2028
1856,266,18.389,31/01/2028
1856,266,18.389,31/01/2028
1856,266,18.389,31/01/2028
1856,266,18.389,31/01/2028
1856,266,18.389,31/01/2028
1856,266,18.389,31/01/2028
1856,266,18.389,31/01/2028
1856,266,18.389,31/01/2028
1856,266,18.389,31/01/2028
1856,266,18.389,31/01/2028
1856,266,18.389,31/01/2028
1856,266,18.389,31/01/2028
1856,266,18.389,31/01/2028
1856,266,18.389,31/01/2028
1856,266,18.389,31/01/2028
1856,266,18.389,31/01/2028
1856,266,18.389,31/01/2028
1856,266,18.389,31/01/2028
1856,266,18.389,31/01/2028
1856,266,18.389,31/01/2028
1856,266,18.389,31/01/2028
1856,266,18.389,31/01/2028
1856,266,18.389,31/01/2028
1856,266,18.389,31/01/2028
1856,266,18.389,31/01/2028
1856,266,18.389,31/01/2028
1856,266,18.389,31/01/2028
1856,266,18.389,31/01/2028
1856,266,18.389,31/01/2028
1856,266,18.389,31/01/2028
1856,266,18.389,31/01/2028
1856,266,18.389,31/01/2028
1856,266,18.389,31/01/2028
1856,266,18.389,31/01/2028
1856,266,18.389,31/01/2028
1856,266,18.389,31/01/2028
1856,266,18.389,31/01/2028
1856,266,18.389,31/01/2028
1856,266,18.389,31/01/2028
1856,266,18.389,31/01/2028
1856,266,18.389,31/01/2028
1856,266,18.389,31/01/2028
1856,266,18.389,31/01/2028
1856,266,18.389,31/01/2028
1856,266,18.389,31/01/2028
1856,266,18.389,31/01/2028
1856,266,18.389,31/01/2028
1856,266,18.389,31/01/2028
1856,266,18.389,31/01/2028
1856,266,18.389,31/01/2028
1856,266,18.389,31/01/2028
1856,266,18.389,31/01/2028
1856,266,18.389,31/01/2028
1856,266,18.389,31/01/2028
1856,266,18.389,31/01/2028
1856,266,18.389,31/01/2028
1856,266,18.389,31/01/2028
1856,266,18.389,31/01/2028
1856,266,18.389,31/01/2028
1856,266,18.389,31/01/2028
1856,266,18.389,31/01/2028
1856,266,18.389,31/01/2028
1856,266,18.389,31/01/2028
1856,266,18.389,31/01/2028
1856,266,18.389,31/01/2028
1856,266,18.389,31/01/2028
1856,266,18.389,31/01/2028
1856,266,18.389,31/01/2028
1856,266,18.389,31/01/2028
1856,266,18.389,31/01/2028
1856,266,18.389,31/01/2028
1856,266,18.389,31/01/2028
1856,266,18.389,31/01/2028
1856,266,18.389,31/01/2028
1856,266,18.389,31/01/2028
1856,266,18.389,31/01/2028
1856,266,18.389,31/01/2028
1856,266,18.389,31/01/2028
1856,266,18.389,31/01/2028
1856,266,18.389,31/01/2028
1856,266,18.389,31/01/2028
1856,266,18.389,31/01/2028
1856,266,18.389,31/01/2028
1856,266,18.389,31/01/2028
1856,266,18.389,31/01/2028
1856,266,18.389,31/01/2028
1856,266,18.389,31/01/2028
1856,266,18.389,31/01/2028
1856,266,18.389,31/01/2028
1856,266,18.389,31/01/2028
1856,266,18.389,31/01/2028
1856,266,18.389,31/01/2028
1856,266,18.389,31/01/2028
1856,266,18.389,31/01/2028
1856,266,18.389,31/01/2028
1856,266,18.389,31/01/2028
1856,266,18.389,31/01/2028
1856,266,18.389,31/01/2028
1856,266,18.389,31/01/2028
1856,266,18.389,31/01/2028
1856,266,18.389,31/01/2028
1856,266,18.389,31/01/2028
